OrderID,OrderDate,CustomerID,ProductID,WarehouseID,CarrierID,Quantity,UnitPrice,UnitCost,DiscountRate,GrossRevenue,NetRevenue,COGS,ShippingCost,Profit,TransitDays,PromisedDays,IsLate
ORD-00000001,2025-12-22,CUST-023908,PROD-0223,WH-US-WEST-1,CAR-07,6,650.18,496.61,0.0,3901.08,3901.08,2979.66,9.96,911.46,3,3,0
ORD-00000002,2025-12-27,CUST-011078,PROD-1164,WH-US-WEST-1,CAR-06,6,1872.55,908.0,0.0,11235.3,11235.3,5448.0,12.53,5774.77,6,6,0
ORD-00000003,2024-03-06,CUST-002266,PROD-1766,WH-APAC-OSAK-1,CAR-04,6,817.09,666.83,0.2,4902.54,3922.03,4000.98,11.67,-90.62,2,2,0
ORD-00000004,2023-10-23,CUST-003649,PROD-0021,WH-EU-CENT-1,CAR-04,10,417.97,255.8,0.15,4179.7,3552.75,2558.0,25.22,969.53,5,5,0
ORD-00000005,2025-10-10,CUST-024279,PROD-0371,WH-APAC-SING-1,CAR-05,10,1533.43,868.38,0.0,15334.3,15334.3,8683.8,33.23,6617.27,6,6,0
ORD-00000006,2023-10-05,CUST-000421,PROD-0639,WH-APAC-SING-1,CAR-07,6,776.34,522.48,0.0,4658.04,4658.04,3134.88,8.61,1514.55,1,2,0
ORD-00000007,2025-07-01,CUST-007474,PROD-1744,WH-EU-CENT-1,CAR-01,7,685.7,551.51,0.0,4799.9,4799.9,3860.57,22.14,917.19,6,6,0
ORD-00000008,2023-09-05,CUST-015610,PROD-1376,WH-US-EAST-1,CAR-08,8,509.14,237.36,0.0,4073.12,4073.12,1898.88,43.89,2130.35,6,6,0
ORD-00000009,2023-09-14,CUST-006573,PROD-1574,WH-APAC-MELB-1,CAR-04,11,12.58,10.24,0.0,138.38,138.38,112.64,18.62,7.12,3,3,0
ORD-00000010,2025-10-30,CUST-000315,PROD-1414,WH-APAC-TYO-1,CAR-08,5,1064.26,828.21,0.1,5321.3,4789.17,4141.05,39.83,608.29,3,4,0
ORD-00000011,2023-06-26,CUST-006234,PROD-1071,WH-CA-EAST-1,CAR-08,9,884.19,597.36,0.0,7957.71,7957.71,5376.24,9.84,2571.63,3,3,0
ORD-00000012,2025-12-27,CUST-018871,PROD-1869,WH-APAC-SYD-1,CAR-01,10,1983.35,942.49,0.05,19833.5,18841.82,9424.9,45.97,9370.96,4,4,0
ORD-00000013,2024-06-02,CUST-016212,PROD-1479,WH-UK-LOND-1,CAR-05,7,1086.61,627.52,0.15,7606.27,6465.33,4392.64,39.24,2033.45,6,6,0
ORD-00000014,2023-12-30,CUST-021755,PROD-0824,WH-US-WEST-1,CAR-04,9,78.95,63.57,0.1,710.55,639.5,572.13,32.61,34.76,4,3,1
ORD-00000015,2024-10-23,CUST-017985,PROD-1796,WH-EU-CENT-1,CAR-02,3,1855.63,883.65,0.0,5566.89,5566.89,2650.95,41.66,2874.28,1,0,1
ORD-00000016,2024-10-17,CUST-021740,PROD-0599,WH-UK-MANC-1,CAR-01,6,40.93,27.4,0.05,245.58,233.3,164.4,5.53,63.37,6,6,0
ORD-00000017,2024-04-03,CUST-002618,PROD-0822,WH-EU-CENT-1,CAR-07,10,1327.24,949.24,0.1,13272.4,11945.16,9492.4,4.77,2447.99,5,5,0
ORD-00000018,2024-09-20,CUST-016484,PROD-0893,WH-APAC-SYD-1,CAR-05,5,962.94,570.64,0.0,4814.7,4814.7,2853.2,23.36,1938.14,2,2,0
ORD-00000019,2024-03-12,CUST-009004,PROD-1814,WH-US-CENT-1,CAR-07,2,736.07,416.54,0.0,1472.14,1472.14,833.08,25.62,613.44,1,1,0
ORD-00000020,2024-02-18,CUST-011725,PROD-0008,WH-UK-LOND-1,CAR-04,1,163.42,108.71,0.15,163.42,138.91,108.71,6.05,24.15,5,5,0
ORD-00000021,2025-10-15,CUST-009614,PROD-1390,WH-EU-WEST-1,CAR-04,6,61.46,34.37,0.0,368.76,368.76,206.22,26.24,136.3,3,3,0
ORD-00000022,2024-02-04,CUST-004044,PROD-1541,WH-EU-CENT-1,CAR-04,9,324.76,207.07,0.0,2922.84,2922.84,1863.63,34.92,1024.29,7,7,0
ORD-00000023,2023-01-24,CUST-024821,PROD-0500,WH-UK-LOND-1,CAR-06,7,971.45,704.11,0.0,6800.15,6800.15,4928.77,38.84,1832.54,4,4,0
ORD-00000024,2024-06-26,CUST-019837,PROD-1244,WH-APAC-OSAK-1,CAR-02,4,1189.31,946.45,0.0,4757.24,4757.24,3785.8,6.37,965.07,5,5,0
ORD-00000025,2025-10-22,CUST-022690,PROD-0036,WH-US-CENT-1,CAR-07,4,132.66,79.09,0.05,530.64,504.11,316.36,38.89,148.86,1,1,0
ORD-00000026,2023-01-04,CUST-011455,PROD-0761,WH-APAC-SYD-1,CAR-03,9,44.9,33.65,0.15,404.1,343.48,302.85,18.36,22.27,3,3,0
ORD-00000027,2023-07-02,CUST-001014,PROD-0017,WH-UK-MANC-1,CAR-03,6,1014.76,681.51,0.15,6088.56,5175.28,4089.06,36.7,1049.52,3,3,0
ORD-00000028,2024-12-23,CUST-004390,PROD-0053,WH-UK-MANC-1,CAR-01,5,127.22,84.96,0.0,636.1,636.1,424.8,5.52,205.78,6,6,0
ORD-00000029,2025-04-10,CUST-000246,PROD-1223,WH-APAC-OSAK-1,CAR-04,5,1180.99,927.55,0.15,5904.95,5019.21,4637.75,15.35,366.11,2,2,0
ORD-00000030,2025-01-01,CUST-012260,PROD-1002,WH-APAC-MELB-1,CAR-07,1,231.12,183.79,0.0,231.12,231.12,183.79,29.96,17.37,3,3,0
ORD-00000031,2023-09-14,CUST-003521,PROD-0762,WH-US-WEST-1,CAR-03,4,911.94,520.99,0.0,3647.76,3647.76,2083.96,35.86,1527.94,2,2,0
ORD-00000032,2025-09-12,CUST-003240,PROD-1536,WH-APAC-SING-1,CAR-07,5,236.51,187.48,0.05,1182.55,1123.42,937.4,19.76,166.26,3,3,0
ORD-00000033,2025-04-29,CUST-009832,PROD-0626,WH-US-EAST-2,CAR-07,9,555.1,440.08,0.0,4995.9,4995.9,3960.72,32.76,1002.42,4,4,0
ORD-00000034,2024-10-30,CUST-019861,PROD-0634,WH-EU-WEST-1,CAR-07,5,1147.89,530.9,0.0,5739.45,5739.45,2654.5,12.6,3072.35,5,6,0
ORD-00000035,2024-07-16,CUST-023968,PROD-1050,WH-US-CENT-1,CAR-05,6,122.79,56.74,0.05,736.74,699.9,340.44,6.45,353.01,4,3,1
ORD-00000036,2024-05-26,CUST-010841,PROD-0424,WH-EU-CENT-1,CAR-04,3,588.89,401.68,0.15,1766.67,1501.67,1205.04,34.32,262.31,2,2,0
ORD-00000037,2024-01-03,CUST-003596,PROD-0853,WH-APAC-MELB-1,CAR-02,7,1099.64,701.24,0.0,7697.48,7697.48,4908.68,20.52,2768.28,3,3,0
ORD-00000038,2025-02-13,CUST-014937,PROD-0562,WH-APAC-SYD-1,CAR-08,3,466.38,337.24,0.0,1399.14,1399.14,1011.72,45.78,341.64,3,3,0
ORD-00000039,2025-05-07,CUST-007834,PROD-0425,WH-APAC-SYD-1,CAR-08,7,1097.16,773.72,0.0,7680.12,7680.12,5416.04,43.56,2220.52,3,3,0
ORD-00000040,2025-04-01,CUST-010276,PROD-0088,WH-US-WEST-2,CAR-01,8,389.35,248.52,0.0,3114.8,3114.8,1988.16,26.72,1099.92,1,1,0
ORD-00000041,2024-11-29,CUST-017424,PROD-0641,WH-APAC-SING-1,CAR-05,1,163.4,74.43,0.15,163.4,138.89,74.43,27.34,37.12,3,3,0
ORD-00000042,2025-02-14,CUST-006350,PROD-1470,WH-US-WEST-1,CAR-04,10,969.46,476.1,0.05,9694.6,9209.87,4761.0,28.64,4420.23,4,4,0
ORD-00000043,2023-11-26,CUST-013806,PROD-1550,WH-UK-LOND-1,CAR-01,7,94.23,56.55,0.0,659.61,659.61,395.85,27.87,235.89,5,5,0
ORD-00000044,2023-03-07,CUST-010914,PROD-1999,WH-US-EAST-2,CAR-07,1,1234.09,699.48,0.05,1234.09,1172.39,699.48,8.06,464.85,5,6,0
ORD-00000045,2024-05-21,CUST-024472,PROD-1892,WH-US-CENT-1,CAR-06,2,715.53,524.84,0.1,1431.06,1287.95,1049.68,19.09,219.18,6,6,0
ORD-00000046,2025-05-05,CUST-009179,PROD-0497,WH-UK-LOND-1,CAR-03,1,276.9,126.1,0.0,276.9,276.9,126.1,31.27,119.53,2,2,0
ORD-00000047,2024-11-11,CUST-010663,PROD-1110,WH-US-WEST-1,CAR-08,9,1298.71,866.37,0.15,11688.39,9935.13,7797.33,47.31,2090.49,7,7,0
ORD-00000048,2023-02-23,CUST-017344,PROD-1612,WH-EU-CENT-1,CAR-04,10,1269.52,793.83,0.0,12695.2,12695.2,7938.3,6.69,4750.21,3,3,0
ORD-00000049,2023-03-24,CUST-002253,PROD-1441,WH-UK-MANC-1,CAR-01,8,771.93,604.27,0.2,6175.44,4940.35,4834.16,28.71,77.48,1,1,0
ORD-00000050,2025-07-30,CUST-004253,PROD-1553,WH-US-EAST-2,CAR-04,8,1440.06,748.83,0.0,11520.48,11520.48,5990.64,6.29,5523.55,3,4,0
ORD-00000051,2023-06-06,CUST-021919,PROD-0795,WH-UK-MANC-1,CAR-06,4,359.1,261.28,0.15,1436.4,1220.94,1045.12,17.77,158.05,2,2,0
ORD-00000052,2024-06-27,CUST-021311,PROD-1290,WH-US-CENT-1,CAR-04,7,656.58,443.78,0.0,4596.06,4596.06,3106.46,21.83,1467.77,4,4,0
ORD-00000053,2023-09-24,CUST-000299,PROD-1878,WH-US-EAST-1,CAR-04,11,462.18,261.92,0.05,5083.98,4829.78,2881.12,30.08,1918.58,7,8,0
ORD-00000054,2023-10-23,CUST-016403,PROD-0080,WH-US-WEST-1,CAR-08,6,648.12,378.63,0.0,3888.72,3888.72,2271.78,21.8,1595.14,1,0,1
ORD-00000055,2025-11-25,CUST-009715,PROD-1407,WH-EU-CENT-1,CAR-01,11,514.26,417.73,0.1,5656.86,5091.17,4595.03,11.94,484.2,4,4,0
ORD-00000056,2025-04-08,CUST-022824,PROD-1363,WH-APAC-SING-1,CAR-04,3,809.18,445.05,0.0,2427.54,2427.54,1335.15,33.98,1058.41,1,1,0
ORD-00000057,2023-12-10,CUST-015650,PROD-1860,WH-EU-CENT-1,CAR-06,3,642.05,411.36,0.05,1926.15,1829.84,1234.08,10.13,585.63,2,2,0
ORD-00000058,2025-09-29,CUST-017009,PROD-0673,WH-US-EAST-2,CAR-01,6,414.2,298.39,0.0,2485.2,2485.2,1790.34,10.43,684.43,4,4,0
ORD-00000059,2024-09-11,CUST-018801,PROD-0491,WH-US-EAST-1,CAR-08,8,915.55,605.73,0.05,7324.4,6958.18,4845.84,30.76,2081.58,3,2,1
ORD-00000060,2024-03-27,CUST-017537,PROD-1525,WH-EU-WEST-1,CAR-06,1,473.69,337.17,0.05,473.69,450.01,337.17,32.96,79.88,7,7,0
ORD-00000061,2025-10-25,CUST-001299,PROD-0419,WH-APAC-OSAK-1,CAR-02,11,504.56,284.27,0.0,5550.16,5550.16,3126.97,12.44,2410.75,6,6,0
ORD-00000062,2025-11-22,CUST-016760,PROD-0743,WH-US-WEST-2,CAR-07,6,689.07,554.22,0.15,4134.42,3514.26,3325.32,45.36,143.58,1,1,0
ORD-00000063,2025-02-18,CUST-021592,PROD-0417,WH-APAC-TYO-1,CAR-03,10,1177.91,788.02,0.15,11779.1,10012.24,7880.2,35.78,2096.26,6,6,0
ORD-00000064,2024-09-05,CUST-020377,PROD-0084,WH-EU-WEST-1,CAR-01,5,1627.63,900.08,0.0,8138.15,8138.15,4500.4,32.42,3605.33,5,5,0
ORD-00000065,2023-12-22,CUST-021444,PROD-1761,WH-UK-MANC-1,CAR-08,2,289.23,175.62,0.05,578.46,549.54,351.24,27.54,170.76,6,7,0
ORD-00000066,2025-03-22,CUST-022744,PROD-0187,WH-APAC-SING-1,CAR-08,5,397.66,229.17,0.0,1988.3,1988.3,1145.85,17.13,825.32,1,1,0
ORD-00000067,2024-01-20,CUST-001383,PROD-1906,WH-US-EAST-1,CAR-08,10,664.83,485.39,0.2,6648.3,5318.64,4853.9,34.7,430.04,2,2,0
ORD-00000068,2024-10-25,CUST-017236,PROD-1507,WH-UK-LOND-1,CAR-02,2,931.76,423.39,0.0,1863.52,1863.52,846.78,47.78,968.96,7,7,0
ORD-00000069,2025-02-13,CUST-005601,PROD-1550,WH-APAC-OSAK-1,CAR-02,7,94.23,56.55,0.0,659.61,659.61,395.85,41.9,221.86,3,2,1
ORD-00000070,2023-03-04,CUST-009500,PROD-1517,WH-US-EAST-2,CAR-06,11,464.5,228.95,0.0,5109.5,5109.5,2518.45,6.51,2584.54,7,7,0
ORD-00000071,2024-03-31,CUST-011371,PROD-0608,WH-APAC-SYD-1,CAR-05,11,437.54,329.29,0.0,4812.94,4812.94,3622.19,33.41,1157.34,2,2,0
ORD-00000072,2023-11-01,CUST-014125,PROD-1386,WH-US-WEST-2,CAR-08,2,172.88,123.4,0.1,345.76,311.18,246.8,25.77,38.61,5,5,0
ORD-00000073,2024-06-07,CUST-008675,PROD-0705,WH-US-EAST-2,CAR-02,9,801.09,375.79,0.1,7209.81,6488.83,3382.11,41.14,3065.58,6,7,0
ORD-00000074,2024-07-19,CUST-015592,PROD-0162,WH-APAC-TYO-1,CAR-04,8,619.54,490.92,0.0,4956.32,4956.32,3927.36,42.73,986.23,2,1,1
ORD-00000075,2025-11-22,CUST-005164,PROD-1421,WH-US-EAST-2,CAR-03,9,402.32,188.85,0.05,3620.88,3439.84,1699.65,39.14,1701.05,7,8,0
ORD-00000076,2023-06-27,CUST-009111,PROD-1460,WH-US-WEST-2,CAR-02,2,387.37,177.96,0.0,774.74,774.74,355.92,15.5,403.32,2,2,0
ORD-00000077,2025-08-19,CUST-018913,PROD-0985,WH-UK-MANC-1,CAR-01,3,519.17,322.61,0.1,1557.51,1401.76,967.83,6.06,427.87,5,5,0
ORD-00000078,2025-09-10,CUST-022606,PROD-0171,WH-US-EAST-1,CAR-05,10,1287.54,852.48,0.15,12875.4,10944.09,8524.8,19.79,2399.5,6,5,1
ORD-00000079,2023-06-10,CUST-018750,PROD-1305,WH-UK-MANC-1,CAR-07,2,528.96,245.81,0.05,1057.92,1005.02,491.62,6.7,506.7,2,2,0
ORD-00000080,2023-11-29,CUST-010383,PROD-0491,WH-UK-LOND-1,CAR-02,10,915.55,605.73,0.0,9155.5,9155.5,6057.3,24.75,3073.45,7,7,0
ORD-00000081,2024-09-06,CUST-008096,PROD-0612,WH-US-WEST-1,CAR-01,11,543.88,316.7,0.0,5982.68,5982.68,3483.7,37.61,2461.37,4,4,0
ORD-00000082,2024-09-02,CUST-016087,PROD-0460,WH-APAC-MELB-1,CAR-08,3,797.0,511.91,0.0,2391.0,2391.0,1535.73,34.32,820.95,7,7,0
ORD-00000083,2023-07-24,CUST-020996,PROD-1430,WH-EU-CENT-1,CAR-05,3,446.54,219.16,0.0,1339.62,1339.62,657.48,29.64,652.5,2,2,0
ORD-00000084,2024-06-14,CUST-013524,PROD-1129,WH-CA-EAST-1,CAR-01,3,482.52,307.22,0.0,1447.56,1447.56,921.66,47.31,478.59,3,3,0
ORD-00000085,2023-04-08,CUST-022398,PROD-1479,WH-US-WEST-1,CAR-04,9,1086.61,627.52,0.0,9779.49,9779.49,5647.68,23.66,4108.15,4,3,1
ORD-00000086,2023-09-10,CUST-005919,PROD-1576,WH-US-WEST-1,CAR-06,5,1495.58,791.46,0.0,7477.9,7477.9,3957.3,13.05,3507.55,2,2,0
ORD-00000087,2024-07-13,CUST-014139,PROD-0017,WH-US-CENT-1,CAR-01,7,1014.76,681.51,0.0,7103.32,7103.32,4770.57,23.15,2309.6,3,3,0
ORD-00000088,2025-12-08,CUST-001735,PROD-0315,WH-US-EAST-2,CAR-01,2,391.3,244.33,0.0,782.6,782.6,488.66,32.63,261.31,5,6,0
ORD-00000089,2024-11-25,CUST-001537,PROD-0160,WH-APAC-OSAK-1,CAR-05,1,1288.31,861.75,0.1,1288.31,1159.48,861.75,32.77,264.96,2,3,0
ORD-00000090,2025-12-13,CUST-009742,PROD-1361,WH-US-CENT-1,CAR-06,2,1220.06,854.53,0.0,2440.12,2440.12,1709.06,41.51,689.55,2,1,1
ORD-00000091,2023-03-28,CUST-001246,PROD-0110,WH-CA-EAST-1,CAR-01,1,1519.83,866.0,0.05,1519.83,1443.84,866.0,12.9,564.94,3,3,0
ORD-00000092,2025-09-26,CUST-002534,PROD-1367,WH-EU-CENT-1,CAR-05,8,1432.46,909.9,0.0,11459.68,11459.68,7279.2,13.07,4167.41,6,6,0
ORD-00000093,2024-02-19,CUST-018199,PROD-1531,WH-US-EAST-2,CAR-04,4,775.27,519.82,0.05,3101.08,2946.03,2079.28,11.49,855.26,1,1,0
ORD-00000094,2025-06-20,CUST-003527,PROD-1753,WH-UK-MANC-1,CAR-04,3,1748.45,849.57,0.0,5245.35,5245.35,2548.71,37.61,2659.03,6,7,0
ORD-00000095,2024-03-18,CUST-009324,PROD-0989,WH-UK-LOND-1,CAR-02,2,1323.92,916.15,0.0,2647.84,2647.84,1832.3,19.1,796.44,1,1,0
ORD-00000096,2023-11-06,CUST-023015,PROD-1791,WH-US-WEST-2,CAR-06,7,1228.7,911.94,0.0,8600.9,8600.9,6383.58,32.19,2185.13,3,3,0
ORD-00000097,2025-03-15,CUST-012658,PROD-1480,WH-US-EAST-1,CAR-03,11,390.74,247.73,0.0,4298.14,4298.14,2725.03,31.92,1541.19,4,4,0
ORD-00000098,2024-12-16,CUST-014966,PROD-0038,WH-US-CENT-1,CAR-04,9,1322.23,794.13,0.05,11900.07,11305.07,7147.17,34.26,4123.64,6,6,0
ORD-00000099,2024-11-12,CUST-020873,PROD-0617,WH-US-WEST-2,CAR-08,9,83.26,51.77,0.0,749.34,749.34,465.93,31.92,251.49,4,4,0
ORD-00000100,2024-08-14,CUST-020599,PROD-1953,WH-US-CENT-1,CAR-02,2,567.08,392.19,0.05,1134.16,1077.45,784.38,41.73,251.34,2,2,0
ORD-00000101,2024-06-15,CUST-015869,PROD-0860,WH-US-EAST-1,CAR-06,3,932.39,428.34,0.2,2797.17,2237.74,1285.02,43.24,909.48,5,5,0
ORD-00000102,2023-02-21,CUST-018158,PROD-1224,WH-APAC-MELB-1,CAR-02,3,963.16,628.17,0.05,2889.48,2745.01,1884.51,7.55,852.95,7,7,0
ORD-00000103,2023-04-18,CUST-012642,PROD-0575,WH-APAC-SING-1,CAR-02,8,227.58,151.41,0.15,1820.64,1547.54,1211.28,13.78,322.48,5,4,1
ORD-00000104,2024-03-08,CUST-022431,PROD-0865,WH-US-WEST-2,CAR-08,1,1099.06,628.11,0.05,1099.06,1044.11,628.11,18.63,397.37,4,4,0
ORD-00000105,2025-07-02,CUST-011197,PROD-1339,WH-APAC-SYD-1,CAR-02,10,1195.7,736.91,0.2,11957.0,9565.6,7369.1,39.7,2156.8,7,6,1
ORD-00000106,2024-09-21,CUST-017965,PROD-0961,WH-CA-EAST-1,CAR-06,2,603.23,420.63,0.0,1206.46,1206.46,841.26,45.43,319.77,4,4,0
ORD-00000107,2024-05-29,CUST-009854,PROD-1601,WH-US-EAST-1,CAR-08,6,1177.72,922.51,0.1,7066.32,6359.69,5535.06,10.86,813.77,7,7,0
ORD-00000108,2023-02-05,CUST-009863,PROD-1078,WH-US-CENT-1,CAR-02,10,597.88,471.31,0.0,5978.8,5978.8,4713.1,30.9,1234.8,2,2,0
ORD-00000109,2025-01-17,CUST-015673,PROD-1005,WH-APAC-SYD-1,CAR-04,5,391.93,229.63,0.15,1959.65,1665.7,1148.15,24.87,492.68,7,7,0
ORD-00000110,2024-04-12,CUST-008179,PROD-1240,WH-APAC-OSAK-1,CAR-02,6,1049.65,631.26,0.0,6297.9,6297.9,3787.56,20.78,2489.56,1,1,0
ORD-00000111,2025-07-06,CUST-001088,PROD-1361,WH-UK-MANC-1,CAR-02,11,1220.06,854.53,0.1,13420.66,12078.59,9399.83,13.43,2665.33,5,5,0
ORD-00000112,2025-08-22,CUST-014594,PROD-0161,WH-EU-CENT-1,CAR-07,4,976.58,758.12,0.0,3906.32,3906.32,3032.48,26.98,846.86,3,3,0
ORD-00000113,2023-02-24,CUST-023558,PROD-0461,WH-EU-WEST-1,CAR-08,7,47.65,35.7,0.0,333.55,333.55,249.9,14.54,69.11,1,1,0
ORD-00000114,2023-10-30,CUST-003490,PROD-1455,WH-US-CENT-1,CAR-02,2,525.6,328.5,0.0,1051.2,1051.2,657.0,12.09,382.11,6,6,0
ORD-00000115,2025-07-10,CUST-022545,PROD-1853,WH-APAC-SYD-1,CAR-07,1,63.65,42.79,0.0,63.65,63.65,42.79,22.15,-1.29,3,2,1
ORD-00000116,2025-12-13,CUST-012570,PROD-0186,WH-APAC-TYO-1,CAR-05,6,1091.75,551.77,0.0,6550.5,6550.5,3310.62,29.48,3210.4,6,6,0
ORD-00000117,2025-12-04,CUST-008012,PROD-0667,WH-US-WEST-2,CAR-02,2,1946.8,944.78,0.0,3893.6,3893.6,1889.56,39.33,1964.71,2,2,0
ORD-00000118,2024-03-08,CUST-002601,PROD-0082,WH-US-EAST-2,CAR-06,10,1249.52,730.72,0.1,12495.2,11245.68,7307.2,46.98,3891.5,5,6,0
ORD-00000119,2025-04-16,CUST-002490,PROD-0469,WH-UK-MANC-1,CAR-05,1,493.99,293.58,0.0,493.99,493.99,293.58,20.34,180.07,2,3,0
ORD-00000120,2023-01-26,CUST-006510,PROD-0890,WH-US-WEST-2,CAR-07,11,599.68,472.01,0.0,6596.48,6596.48,5192.11,36.13,1368.24,7,6,1
ORD-00000121,2023-03-24,CUST-023907,PROD-1036,WH-APAC-SING-1,CAR-06,10,330.43,176.68,0.0,3304.3,3304.3,1766.8,23.33,1514.17,7,7,0
ORD-00000122,2025-03-24,CUST-014691,PROD-1969,WH-CA-EAST-1,CAR-06,3,1229.57,818.28,0.0,3688.71,3688.71,2454.84,39.64,1194.23,1,1,0
ORD-00000123,2025-10-16,CUST-011574,PROD-0382,WH-UK-MANC-1,CAR-06,10,1317.44,945.26,0.05,13174.4,12515.68,9452.6,28.21,3034.87,7,6,1
ORD-00000124,2025-04-06,CUST-017200,PROD-1185,WH-EU-CENT-1,CAR-01,8,1073.34,578.1,0.15,8586.72,7298.71,4624.8,10.58,2663.33,1,1,0
ORD-00000125,2024-11-21,CUST-013286,PROD-0774,WH-US-EAST-2,CAR-03,5,1349.3,674.65,0.05,6746.5,6409.18,3373.25,29.41,3006.52,3,3,0
ORD-00000126,2023-10-06,CUST-008031,PROD-0638,WH-US-CENT-1,CAR-02,11,11.55,8.05,0.0,127.05,127.05,88.55,17.17,21.33,6,5,1
ORD-00000127,2023-01-05,CUST-024808,PROD-0499,WH-UK-MANC-1,CAR-06,8,1412.46,920.64,0.05,11299.68,10734.7,7365.12,25.75,3343.83,6,6,0
ORD-00000128,2025-11-14,CUST-007258,PROD-1939,WH-UK-MANC-1,CAR-05,9,933.61,645.78,0.1,8402.49,7562.24,5812.02,42.97,1707.25,6,7,0
ORD-00000129,2024-06-09,CUST-023702,PROD-0052,WH-US-WEST-1,CAR-02,9,1293.66,924.71,0.1,11642.94,10478.65,8322.39,33.12,2123.14,6,6,0
ORD-00000130,2025-09-16,CUST-011848,PROD-0736,WH-APAC-TYO-1,CAR-07,6,1488.12,727.54,0.0,8928.72,8928.72,4365.24,13.05,4550.43,1,1,0
ORD-00000131,2024-03-22,CUST-024424,PROD-1783,WH-APAC-MELB-1,CAR-04,4,22.52,10.3,0.15,90.08,76.57,41.2,7.24,28.13,3,3,0
ORD-00000132,2024-12-07,CUST-001479,PROD-1621,WH-UK-MANC-1,CAR-02,3,480.04,343.13,0.0,1440.12,1440.12,1029.39,16.71,394.02,5,6,0
ORD-00000133,2024-06-19,CUST-004485,PROD-0177,WH-US-WEST-1,CAR-07,8,338.04,276.35,0.0,2704.32,2704.32,2210.8,6.78,486.74,2,2,0
ORD-00000134,2023-09-29,CUST-001332,PROD-0888,WH-APAC-SYD-1,CAR-06,5,743.11,571.75,0.0,3715.55,3715.55,2858.75,21.28,835.52,5,5,0
ORD-00000135,2023-03-21,CUST-001281,PROD-1474,WH-APAC-MELB-1,CAR-03,4,1267.68,678.97,0.05,5070.72,4817.18,2715.88,38.73,2062.57,4,5,0
ORD-00000136,2023-05-18,CUST-002422,PROD-0409,WH-UK-LOND-1,CAR-03,1,1226.06,645.03,0.0,1226.06,1226.06,645.03,22.01,559.02,7,7,0
ORD-00000137,2025-06-24,CUST-011816,PROD-0645,WH-APAC-SYD-1,CAR-03,10,1402.53,797.76,0.05,14025.3,13324.04,7977.6,43.41,5303.02,6,6,0
ORD-00000138,2025-04-17,CUST-002240,PROD-0936,WH-US-EAST-1,CAR-04,6,643.15,425.57,0.1,3858.9,3473.01,2553.42,37.14,882.45,3,2,1
ORD-00000139,2023-09-07,CUST-017790,PROD-1888,WH-EU-CENT-1,CAR-05,6,226.95,166.9,0.1,1361.7,1225.53,1001.4,17.68,206.45,7,7,0
ORD-00000140,2023-11-25,CUST-023988,PROD-1702,WH-APAC-OSAK-1,CAR-01,4,1605.28,781.77,0.0,6421.12,6421.12,3127.08,15.72,3278.32,7,7,0
ORD-00000141,2024-04-04,CUST-010080,PROD-1277,WH-EU-WEST-1,CAR-06,10,756.12,589.77,0.0,7561.2,7561.2,5897.7,15.9,1647.6,7,7,0
ORD-00000142,2023-12-17,CUST-024755,PROD-1472,WH-APAC-SING-1,CAR-06,8,1042.26,627.86,0.0,8338.08,8338.08,5022.88,12.77,3302.43,4,4,0
ORD-00000143,2023-03-07,CUST-022750,PROD-0893,WH-APAC-TYO-1,CAR-08,9,962.94,570.64,0.15,8666.46,7366.49,5135.76,27.16,2203.57,4,4,0
ORD-00000144,2024-05-03,CUST-008085,PROD-1094,WH-US-EAST-2,CAR-07,7,414.6,292.83,0.0,2902.2,2902.2,2049.81,46.13,806.26,5,5,0
ORD-00000145,2024-12-30,CUST-008743,PROD-0728,WH-APAC-SYD-1,CAR-05,2,1014.15,609.3,0.1,2028.3,1825.47,1218.6,20.01,586.86,5,5,0
ORD-00000146,2025-07-26,CUST-006128,PROD-1557,WH-UK-MANC-1,CAR-04,8,996.37,803.87,0.0,7970.96,7970.96,6430.96,15.89,1524.11,4,4,0
ORD-00000147,2025-06-02,CUST-004075,PROD-0453,WH-US-WEST-2,CAR-08,3,480.46,264.88,0.0,1441.38,1441.38,794.64,8.29,638.45,7,7,0
ORD-00000148,2025-06-12,CUST-021817,PROD-1546,WH-US-EAST-1,CAR-06,4,812.68,456.48,0.1,3250.72,2925.65,1825.92,11.75,1087.98,6,6,0
ORD-00000149,2025-01-04,CUST-021289,PROD-1387,WH-EU-CENT-1,CAR-04,9,502.17,407.06,0.0,4519.53,4519.53,3663.54,11.0,844.99,6,6,0
ORD-00000150,2023-12-23,CUST-011559,PROD-0070,WH-APAC-OSAK-1,CAR-08,6,643.33,407.1,0.05,3859.98,3666.98,2442.6,38.01,1186.37,6,6,0
ORD-00000151,2023-09-25,CUST-022164,PROD-1544,WH-UK-MANC-1,CAR-01,5,1408.66,902.53,0.0,7043.3,7043.3,4512.65,35.94,2494.71,6,6,0
ORD-00000152,2023-07-17,CUST-005654,PROD-1400,WH-EU-CENT-1,CAR-08,6,166.64,95.3,0.0,999.84,999.84,571.8,41.29,386.75,1,1,0
ORD-00000153,2023-09-05,CUST-020637,PROD-1427,WH-CA-EAST-1,CAR-06,5,644.75,489.56,0.0,3223.75,3223.75,2447.8,39.31,736.64,3,3,0
ORD-00000154,2025-02-02,CUST-005934,PROD-1972,WH-APAC-SYD-1,CAR-04,11,880.61,396.54,0.05,9686.71,9202.37,4361.94,23.71,4816.72,6,6,0
ORD-00000155,2024-03-24,CUST-013764,PROD-0863,WH-APAC-SING-1,CAR-05,10,1612.22,738.88,0.0,16122.2,16122.2,7388.8,40.86,8692.54,6,6,0
ORD-00000156,2023-10-14,CUST-024777,PROD-1387,WH-UK-LOND-1,CAR-08,2,502.17,407.06,0.05,1004.34,954.12,814.12,44.13,95.87,7,7,0
ORD-00000157,2023-10-15,CUST-023941,PROD-0876,WH-EU-CENT-1,CAR-07,10,537.84,422.69,0.2,5378.4,4302.72,4226.9,20.05,55.77,4,4,0
ORD-00000158,2023-08-25,CUST-003896,PROD-1434,WH-US-WEST-1,CAR-07,8,1374.1,814.98,0.05,10992.8,10443.16,6519.84,33.17,3890.15,2,1,1
ORD-00000159,2023-06-25,CUST-004441,PROD-0933,WH-APAC-SYD-1,CAR-08,5,461.72,294.67,0.15,2308.6,1962.31,1473.35,26.37,462.59,6,6,0
ORD-00000160,2024-09-10,CUST-002464,PROD-0956,WH-APAC-OSAK-1,CAR-07,4,1130.26,545.01,0.0,4521.04,4521.04,2180.04,14.94,2326.06,3,4,0
ORD-00000161,2023-01-05,CUST-018529,PROD-0108,WH-APAC-SING-1,CAR-07,1,1248.59,604.94,0.0,1248.59,1248.59,604.94,26.23,617.42,5,5,0
ORD-00000162,2025-05-30,CUST-022482,PROD-1211,WH-US-EAST-1,CAR-06,3,433.98,255.53,0.15,1301.94,1106.65,766.59,37.71,302.35,1,2,0
ORD-00000163,2025-11-28,CUST-008813,PROD-0516,WH-CA-EAST-1,CAR-08,3,1586.2,779.46,0.0,4758.6,4758.6,2338.38,23.77,2396.45,7,7,0
ORD-00000164,2023-12-14,CUST-006884,PROD-0440,WH-UK-MANC-1,CAR-05,1,1327.12,765.88,0.2,1327.12,1061.7,765.88,8.72,287.1,1,1,0
ORD-00000165,2025-08-01,CUST-001778,PROD-0288,WH-CA-EAST-1,CAR-06,9,1352.97,747.65,0.0,12176.73,12176.73,6728.85,39.56,5408.32,4,4,0
ORD-00000166,2025-02-11,CUST-003881,PROD-0607,WH-US-EAST-1,CAR-08,3,1698.2,926.2,0.0,5094.6,5094.6,2778.6,26.46,2289.54,3,3,0
ORD-00000167,2024-01-15,CUST-023069,PROD-0047,WH-CA-EAST-1,CAR-02,1,433.47,209.02,0.05,433.47,411.8,209.02,41.46,161.32,5,5,0
ORD-00000168,2024-08-27,CUST-013671,PROD-0482,WH-APAC-MELB-1,CAR-02,5,559.55,316.09,0.0,2797.75,2797.75,1580.45,19.75,1197.55,6,6,0
ORD-00000169,2025-07-12,CUST-013167,PROD-1719,WH-US-WEST-1,CAR-01,4,622.83,419.79,0.0,2491.32,2491.32,1679.16,45.68,766.48,1,1,0
ORD-00000170,2024-08-10,CUST-017517,PROD-0788,WH-APAC-MELB-1,CAR-02,8,1336.43,696.95,0.0,10691.44,10691.44,5575.6,15.6,5100.24,6,6,0
ORD-00000171,2025-04-21,CUST-014859,PROD-0483,WH-US-EAST-1,CAR-04,6,1079.25,495.27,0.0,6475.5,6475.5,2971.62,29.1,3474.78,6,7,0
ORD-00000172,2025-03-12,CUST-017339,PROD-0049,WH-EU-CENT-1,CAR-02,8,2056.57,929.98,0.0,16452.56,16452.56,7439.84,16.25,8996.47,4,4,0
ORD-00000173,2025-01-21,CUST-014431,PROD-0397,WH-EU-WEST-1,CAR-07,8,56.17,43.35,0.05,449.36,426.89,346.8,8.95,71.14,5,5,0
ORD-00000174,2023-07-21,CUST-016516,PROD-1167,WH-US-WEST-2,CAR-04,9,323.51,206.17,0.0,2911.59,2911.59,1855.53,13.29,1042.77,4,4,0
ORD-00000175,2023-05-25,CUST-000605,PROD-1434,WH-APAC-TYO-1,CAR-07,3,1374.1,814.98,0.0,4122.3,4122.3,2444.94,44.2,1633.16,5,5,0
ORD-00000176,2023-07-15,CUST-004662,PROD-0764,WH-US-EAST-2,CAR-06,6,927.8,680.73,0.05,5566.8,5288.46,4084.38,28.85,1175.23,7,7,0
ORD-00000177,2024-03-12,CUST-023794,PROD-1778,WH-UK-LOND-1,CAR-05,3,327.32,251.68,0.0,981.96,981.96,755.04,23.31,203.61,2,2,0
ORD-00000178,2023-01-11,CUST-017785,PROD-1038,WH-UK-MANC-1,CAR-01,3,72.96,48.71,0.0,218.88,218.88,146.13,16.36,56.39,3,3,0
ORD-00000179,2025-01-30,CUST-011459,PROD-0732,WH-CA-EAST-1,CAR-06,3,1322.7,695.87,0.05,3968.1,3769.7,2087.61,43.9,1638.18,7,7,0
ORD-00000180,2023-10-20,CUST-012546,PROD-1318,WH-US-EAST-1,CAR-01,11,1171.87,543.98,0.0,12890.57,12890.57,5983.78,28.78,6878.01,3,3,0
ORD-00000181,2025-05-23,CUST-011086,PROD-0691,WH-APAC-OSAK-1,CAR-03,2,1321.53,606.58,0.15,2643.06,2246.6,1213.16,44.57,988.87,3,3,0
ORD-00000182,2023-12-01,CUST-006448,PROD-0171,WH-APAC-MELB-1,CAR-08,9,1287.54,852.48,0.05,11587.86,11008.47,7672.32,25.29,3310.86,5,5,0
ORD-00000183,2024-04-16,CUST-002549,PROD-0111,WH-APAC-SYD-1,CAR-05,11,168.64,91.69,0.15,1855.04,1576.78,1008.59,11.39,556.8,2,2,0
ORD-00000184,2024-02-25,CUST-014916,PROD-1469,WH-EU-CENT-1,CAR-03,9,1046.75,505.16,0.0,9420.75,9420.75,4546.44,22.94,4851.37,5,4,1
ORD-00000185,2024-09-02,CUST-012076,PROD-1661,WH-UK-MANC-1,CAR-03,9,55.45,35.94,0.05,499.05,474.1,323.46,32.75,117.89,4,4,0
ORD-00000186,2025-09-27,CUST-022144,PROD-0469,WH-UK-LOND-1,CAR-04,1,493.99,293.58,0.0,493.99,493.99,293.58,14.29,186.12,6,6,0
ORD-00000187,2023-03-22,CUST-001886,PROD-1710,WH-APAC-SYD-1,CAR-05,9,597.1,405.13,0.0,5373.9,5373.9,3646.17,23.77,1703.96,7,7,0
ORD-00000188,2024-05-16,CUST-000339,PROD-0064,WH-APAC-SYD-1,CAR-08,10,435.65,254.64,0.05,4356.5,4138.68,2546.4,24.7,1567.58,5,5,0
ORD-00000189,2025-08-23,CUST-005804,PROD-0822,WH-US-CENT-1,CAR-07,2,1327.24,949.24,0.15,2654.48,2256.31,1898.48,37.96,319.87,6,6,0
ORD-00000190,2023-07-17,CUST-006559,PROD-0869,WH-US-CENT-1,CAR-05,1,1086.46,754.11,0.0,1086.46,1086.46,754.11,27.5,304.85,1,2,0
ORD-00000191,2023-01-02,CUST-000911,PROD-1432,WH-APAC-SING-1,CAR-07,1,455.18,218.03,0.05,455.18,432.42,218.03,21.87,192.52,2,1,1
ORD-00000192,2024-05-18,CUST-020381,PROD-0667,WH-US-EAST-1,CAR-02,8,1946.8,944.78,0.05,15574.4,14795.68,7558.24,29.35,7208.09,3,3,0
ORD-00000193,2024-12-07,CUST-014403,PROD-0178,WH-APAC-SYD-1,CAR-04,5,108.87,86.67,0.0,544.35,544.35,433.35,7.58,103.42,4,5,0
ORD-00000194,2023-08-06,CUST-013011,PROD-1555,WH-US-EAST-2,CAR-04,7,170.87,132.73,0.0,1196.09,1196.09,929.11,38.45,228.53,4,4,0
ORD-00000195,2025-07-19,CUST-020655,PROD-0191,WH-US-EAST-2,CAR-06,7,334.09,206.5,0.0,2338.63,2338.63,1445.5,20.31,872.82,5,5,0
ORD-00000196,2025-07-31,CUST-024404,PROD-0983,WH-APAC-SYD-1,CAR-01,7,1439.67,937.66,0.05,10077.69,9573.81,6563.62,30.37,2979.82,2,2,0
ORD-00000197,2024-12-19,CUST-005501,PROD-1792,WH-EU-WEST-1,CAR-08,7,1274.21,866.21,0.1,8919.47,8027.52,6063.47,37.46,1926.59,3,3,0
ORD-00000198,2025-11-29,CUST-004615,PROD-1907,WH-APAC-SING-1,CAR-02,4,403.16,317.73,0.15,1612.64,1370.74,1270.92,36.82,63.0,2,2,0
ORD-00000199,2024-07-02,CUST-000897,PROD-1771,WH-CA-EAST-1,CAR-02,8,339.51,205.37,0.05,2716.08,2580.28,1642.96,10.03,927.29,4,4,0
ORD-00000200,2024-04-30,CUST-008425,PROD-0451,WH-US-CENT-1,CAR-04,1,1241.52,655.15,0.0,1241.52,1241.52,655.15,40.52,545.85,2,2,0
ORD-00000201,2025-04-26,CUST-002759,PROD-1057,WH-US-CENT-1,CAR-08,10,511.03,294.76,0.1,5110.3,4599.27,2947.6,26.5,1625.17,3,3,0
ORD-00000202,2023-07-23,CUST-009017,PROD-0984,WH-US-CENT-1,CAR-02,3,969.54,608.87,0.0,2908.62,2908.62,1826.61,5.0,1077.01,7,8,0
ORD-00000203,2025-01-12,CUST-024701,PROD-1174,WH-APAC-OSAK-1,CAR-04,4,1190.41,706.27,0.0,4761.64,4761.64,2825.08,16.21,1920.35,4,4,0
ORD-00000204,2024-03-25,CUST-011849,PROD-0092,WH-US-WEST-1,CAR-07,11,484.06,348.96,0.0,5324.66,5324.66,3838.56,5.74,1480.36,2,1,1
ORD-00000205,2025-02-06,CUST-000698,PROD-0471,WH-CA-EAST-1,CAR-04,5,1005.18,740.62,0.15,5025.9,4272.01,3703.1,40.64,528.27,1,1,0
ORD-00000206,2023-10-27,CUST-016155,PROD-0904,WH-EU-WEST-1,CAR-05,5,1349.04,930.43,0.0,6745.2,6745.2,4652.15,28.8,2064.25,7,7,0
ORD-00000207,2024-08-20,CUST-017446,PROD-0683,WH-US-WEST-1,CAR-08,11,1748.92,884.78,0.1,19238.12,17314.31,9732.58,33.4,7548.33,6,6,0
ORD-00000208,2024-01-22,CUST-000248,PROD-1161,WH-APAC-SING-1,CAR-07,9,1421.38,867.61,0.0,12792.42,12792.42,7808.49,27.55,4956.38,7,7,0
ORD-00000209,2025-07-19,CUST-010199,PROD-1021,WH-EU-WEST-1,CAR-01,1,147.41,82.65,0.15,147.41,125.3,82.65,44.8,-2.15,6,6,0
ORD-00000210,2025-11-02,CUST-001920,PROD-1640,WH-EU-CENT-1,CAR-08,6,489.84,301.4,0.05,2939.04,2792.09,1808.4,8.09,975.6,1,1,0
ORD-00000211,2025-10-06,CUST-001612,PROD-1419,WH-US-EAST-2,CAR-05,6,902.02,482.04,0.0,5412.12,5412.12,2892.24,15.28,2504.6,6,6,0
ORD-00000212,2024-06-14,CUST-024717,PROD-0849,WH-APAC-MELB-1,CAR-03,1,335.42,253.48,0.0,335.42,335.42,253.48,43.97,37.97,6,5,1
ORD-00000213,2023-02-21,CUST-004193,PROD-1749,WH-APAC-MELB-1,CAR-05,11,1228.65,828.6,0.0,13515.15,13515.15,9114.6,36.42,4364.13,3,3,0
ORD-00000214,2025-04-16,CUST-022159,PROD-1278,WH-UK-LOND-1,CAR-01,9,351.1,240.89,0.0,3159.9,3159.9,2168.01,6.4,985.49,1,1,0
ORD-00000215,2023-03-01,CUST-003664,PROD-1688,WH-APAC-SING-1,CAR-08,11,167.32,117.01,0.0,1840.52,1840.52,1287.11,27.76,525.65,7,8,0
ORD-00000216,2023-09-15,CUST-011520,PROD-1208,WH-US-EAST-2,CAR-07,9,1258.46,744.63,0.0,11326.14,11326.14,6701.67,7.11,4617.36,1,1,0
ORD-00000217,2023-10-14,CUST-001378,PROD-0332,WH-EU-CENT-1,CAR-03,9,374.3,187.6,0.15,3368.7,2863.4,1688.4,23.96,1151.04,1,1,0
ORD-00000218,2023-12-23,CUST-014314,PROD-0238,WH-US-EAST-2,CAR-03,8,1029.81,652.28,0.05,8238.48,7826.56,5218.24,36.35,2571.97,4,4,0
ORD-00000219,2025-09-21,CUST-023540,PROD-1980,WH-APAC-SYD-1,CAR-01,2,1325.69,683.66,0.0,2651.38,2651.38,1367.32,40.03,1244.03,2,2,0
ORD-00000220,2025-09-25,CUST-023003,PROD-0593,WH-APAC-TYO-1,CAR-08,1,665.06,382.54,0.15,665.06,565.3,382.54,34.22,148.54,2,2,0
ORD-00000221,2023-08-28,CUST-002864,PROD-0344,WH-APAC-OSAK-1,CAR-05,3,1162.03,879.54,0.1,3486.09,3137.48,2638.62,47.19,451.67,2,2,0
ORD-00000222,2023-02-18,CUST-009743,PROD-1796,WH-APAC-OSAK-1,CAR-08,2,1855.63,883.65,0.15,3711.26,3154.57,1767.3,34.45,1352.82,3,3,0
ORD-00000223,2023-06-28,CUST-014179,PROD-0696,WH-US-WEST-1,CAR-02,11,1187.64,813.89,0.0,13064.04,13064.04,8952.79,18.57,4092.68,6,7,0
ORD-00000224,2025-02-05,CUST-011632,PROD-1401,WH-UK-MANC-1,CAR-07,3,1398.32,724.33,0.0,4194.96,4194.96,2172.99,30.85,1991.12,3,3,0
ORD-00000225,2023-09-25,CUST-021015,PROD-1978,WH-US-WEST-2,CAR-01,7,1542.51,861.8,0.2,10797.57,8638.06,6032.6,14.64,2590.82,4,4,0
ORD-00000226,2024-08-02,CUST-002313,PROD-0496,WH-US-EAST-2,CAR-04,9,1429.93,833.65,0.05,12869.37,12225.9,7502.85,24.31,4698.74,6,6,0
ORD-00000227,2023-04-07,CUST-008497,PROD-1749,WH-UK-MANC-1,CAR-07,4,1228.65,828.6,0.0,4914.6,4914.6,3314.4,47.97,1552.23,2,2,0
ORD-00000228,2023-07-05,CUST-004880,PROD-1918,WH-UK-MANC-1,CAR-03,9,27.75,22.7,0.0,249.75,249.75,204.3,21.74,23.71,4,5,0
ORD-00000229,2024-12-28,CUST-017696,PROD-1926,WH-US-WEST-2,CAR-03,7,1313.39,783.44,0.15,9193.73,7814.67,5484.08,18.6,2311.99,5,5,0
ORD-00000230,2025-09-04,CUST-011033,PROD-1510,WH-APAC-TYO-1,CAR-04,11,1020.35,614.66,0.15,11223.85,9540.27,6761.26,43.81,2735.2,2,2,0
ORD-00000231,2025-12-30,CUST-012126,PROD-1704,WH-UK-MANC-1,CAR-01,7,581.95,359.76,0.1,4073.65,3666.29,2518.32,22.95,1125.02,7,7,0
ORD-00000232,2024-01-19,CUST-007843,PROD-1980,WH-EU-CENT-1,CAR-04,5,1325.69,683.66,0.0,6628.45,6628.45,3418.3,5.67,3204.48,1,1,0
ORD-00000233,2024-08-25,CUST-020781,PROD-1976,WH-US-WEST-1,CAR-04,7,1569.21,729.37,0.15,10984.47,9336.8,5105.59,8.37,4222.84,6,6,0
ORD-00000234,2024-01-15,CUST-008328,PROD-0662,WH-EU-WEST-1,CAR-01,2,539.33,334.49,0.0,1078.66,1078.66,668.98,23.73,385.95,4,4,0
ORD-00000235,2025-12-15,CUST-006632,PROD-1996,WH-US-EAST-2,CAR-06,1,264.52,208.2,0.15,264.52,224.84,208.2,34.56,-17.92,1,1,0
ORD-00000236,2025-01-06,CUST-019697,PROD-0195,WH-CA-EAST-1,CAR-03,11,200.04,146.67,0.05,2200.44,2090.42,1613.37,17.71,459.34,7,7,0
ORD-00000237,2024-04-10,CUST-019236,PROD-0461,WH-CA-EAST-1,CAR-05,6,47.65,35.7,0.0,285.9,285.9,214.2,27.51,44.19,1,1,0
ORD-00000238,2024-02-29,CUST-019417,PROD-1316,WH-EU-CENT-1,CAR-05,4,1011.44,523.32,0.05,4045.76,3843.47,2093.28,28.42,1721.77,1,1,0
ORD-00000239,2024-08-06,CUST-018791,PROD-1754,WH-UK-LOND-1,CAR-06,6,982.36,652.19,0.0,5894.16,5894.16,3913.14,33.2,1947.82,6,6,0
ORD-00000240,2025-01-30,CUST-003066,PROD-1463,WH-EU-CENT-1,CAR-08,4,266.59,159.85,0.0,1066.36,1066.36,639.4,27.37,399.59,1,0,1
ORD-00000241,2025-04-19,CUST-024004,PROD-1868,WH-APAC-TYO-1,CAR-02,2,941.88,725.72,0.1,1883.76,1695.38,1451.44,20.91,223.03,4,5,0
ORD-00000242,2024-11-28,CUST-014991,PROD-0811,WH-APAC-MELB-1,CAR-07,6,948.06,712.09,0.05,5688.36,5403.94,4272.54,24.7,1106.7,7,7,0
ORD-00000243,2024-07-09,CUST-011360,PROD-0956,WH-APAC-MELB-1,CAR-06,10,1130.26,545.01,0.05,11302.6,10737.47,5450.1,14.55,5272.82,3,3,0
ORD-00000244,2023-09-26,CUST-007887,PROD-1303,WH-EU-WEST-1,CAR-03,5,286.45,174.25,0.15,1432.25,1217.41,871.25,35.92,310.24,1,1,0
ORD-00000245,2025-05-18,CUST-013660,PROD-0383,WH-US-EAST-2,CAR-08,4,377.62,248.51,0.0,1510.48,1510.48,994.04,10.57,505.87,3,3,0
ORD-00000246,2024-09-29,CUST-008323,PROD-1573,WH-UK-LOND-1,CAR-05,11,758.1,482.0,0.0,8339.1,8339.1,5302.0,46.07,2991.03,3,3,0
ORD-00000247,2024-06-27,CUST-000627,PROD-0484,WH-CA-EAST-1,CAR-02,5,896.84,431.02,0.1,4484.2,4035.78,2155.1,14.0,1866.68,5,5,0
ORD-00000248,2023-02-25,CUST-016672,PROD-0106,WH-APAC-MELB-1,CAR-02,1,174.74,98.01,0.05,174.74,166.0,98.01,32.48,35.51,1,1,0
ORD-00000249,2025-08-15,CUST-005887,PROD-0643,WH-EU-CENT-1,CAR-08,2,241.97,165.63,0.0,483.94,483.94,331.26,36.83,115.85,3,3,0
ORD-00000250,2024-07-04,CUST-019092,PROD-0149,WH-UK-MANC-1,CAR-03,1,1716.45,937.01,0.1,1716.45,1544.8,937.01,21.98,585.82,6,5,1
ORD-00000251,2024-08-14,CUST-002104,PROD-0878,WH-APAC-MELB-1,CAR-03,2,840.67,499.61,0.0,1681.34,1681.34,999.22,31.55,650.57,3,3,0
ORD-00000252,2025-08-21,CUST-002382,PROD-1846,WH-APAC-MELB-1,CAR-04,2,1341.54,822.23,0.15,2683.08,2280.62,1644.46,27.9,608.26,6,6,0
ORD-00000253,2023-10-05,CUST-001635,PROD-1126,WH-UK-MANC-1,CAR-08,8,437.56,286.69,0.2,3500.48,2800.38,2293.52,32.27,474.59,2,1,1
ORD-00000254,2023-02-28,CUST-014184,PROD-1663,WH-US-WEST-2,CAR-02,7,1656.46,854.57,0.1,11595.22,10435.7,5981.99,23.83,4429.88,4,4,0
ORD-00000255,2025-04-10,CUST-015146,PROD-1934,WH-APAC-TYO-1,CAR-01,4,1032.69,790.94,0.05,4130.76,3924.22,3163.76,46.09,714.37,7,8,0
ORD-00000256,2024-11-17,CUST-015177,PROD-0053,WH-US-CENT-1,CAR-03,10,127.22,84.96,0.0,1272.2,1272.2,849.6,46.82,375.78,2,2,0
ORD-00000257,2025-05-19,CUST-011448,PROD-1456,WH-APAC-MELB-1,CAR-04,5,1029.9,463.66,0.0,5149.5,5149.5,2318.3,8.51,2822.69,7,7,0
ORD-00000258,2024-05-13,CUST-013097,PROD-1555,WH-EU-CENT-1,CAR-05,10,170.87,132.73,0.0,1708.7,1708.7,1327.3,29.75,351.65,2,2,0
ORD-00000259,2023-01-13,CUST-012292,PROD-1984,WH-APAC-MELB-1,CAR-02,1,735.64,601.46,0.05,735.64,698.86,601.46,16.58,80.82,3,3,0
ORD-00000260,2024-08-24,CUST-017996,PROD-1449,WH-EU-CENT-1,CAR-02,10,1171.83,830.36,0.0,11718.3,11718.3,8303.6,23.28,3391.42,5,5,0
ORD-00000261,2024-03-13,CUST-010675,PROD-1218,WH-APAC-OSAK-1,CAR-03,11,177.01,99.0,0.1,1947.11,1752.4,1089.0,6.57,656.83,1,1,0
ORD-00000262,2025-02-09,CUST-013070,PROD-0006,WH-EU-WEST-1,CAR-07,5,845.69,690.76,0.05,4228.45,4017.03,3453.8,25.65,537.58,1,2,0
ORD-00000263,2025-04-25,CUST-020447,PROD-0206,WH-APAC-SING-1,CAR-08,10,1021.81,786.49,0.05,10218.1,9707.19,7864.9,19.94,1822.35,7,7,0
ORD-00000264,2023-08-26,CUST-005514,PROD-0530,WH-APAC-SING-1,CAR-04,6,251.24,204.08,0.05,1507.44,1432.07,1224.48,32.86,174.73,4,4,0
ORD-00000265,2023-08-31,CUST-008033,PROD-0186,WH-CA-EAST-1,CAR-03,4,1091.75,551.77,0.05,4367.0,4148.65,2207.08,13.09,1928.48,2,2,0
ORD-00000266,2024-06-18,CUST-021668,PROD-0992,WH-US-WEST-1,CAR-04,2,647.09,417.57,0.1,1294.18,1164.76,835.14,18.56,311.06,3,3,0
ORD-00000267,2025-03-01,CUST-022314,PROD-1832,WH-US-WEST-1,CAR-05,6,1291.36,897.11,0.0,7748.16,7748.16,5382.66,25.89,2339.61,4,3,1
ORD-00000268,2024-12-29,CUST-001402,PROD-0642,WH-US-EAST-1,CAR-07,6,1200.16,893.04,0.2,7200.96,5760.77,5358.24,27.15,375.38,4,4,0
ORD-00000269,2025-12-18,CUST-022576,PROD-1678,WH-UK-MANC-1,CAR-04,11,748.85,457.1,0.1,8237.35,7413.62,5028.1,27.77,2357.74,1,1,0
ORD-00000270,2024-07-23,CUST-017938,PROD-1508,WH-US-EAST-1,CAR-06,1,639.76,433.69,0.1,639.76,575.78,433.69,8.18,133.91,4,5,0
ORD-00000271,2025-01-02,CUST-006745,PROD-1345,WH-APAC-MELB-1,CAR-02,7,134.49,107.69,0.05,941.43,894.36,753.83,26.99,113.54,3,2,1
ORD-00000272,2023-05-17,CUST-011420,PROD-0966,WH-US-EAST-2,CAR-08,7,1165.96,732.69,0.0,8161.72,8161.72,5128.83,29.2,3003.69,4,4,0
ORD-00000273,2023-06-23,CUST-003571,PROD-1530,WH-US-EAST-2,CAR-05,3,97.42,61.44,0.05,292.26,277.65,184.32,24.81,68.52,1,1,0
ORD-00000274,2023-09-10,CUST-013321,PROD-1929,WH-US-EAST-2,CAR-03,6,624.56,344.88,0.05,3747.36,3559.99,2069.28,16.25,1474.46,4,4,0
ORD-00000275,2023-11-07,CUST-022680,PROD-1438,WH-US-EAST-2,CAR-02,8,33.95,17.29,0.1,271.6,244.44,138.32,40.91,65.21,2,3,0
ORD-00000276,2023-09-29,CUST-008852,PROD-1470,WH-US-EAST-2,CAR-08,3,969.46,476.1,0.1,2908.38,2617.54,1428.3,12.4,1176.84,7,6,1
ORD-00000277,2025-06-21,CUST-017349,PROD-0866,WH-UK-LOND-1,CAR-04,8,317.26,211.8,0.1,2538.08,2284.27,1694.4,8.06,581.81,4,5,0
ORD-00000278,2025-04-11,CUST-017372,PROD-0644,WH-CA-EAST-1,CAR-06,3,2046.72,926.96,0.15,6140.16,5219.14,2780.88,11.0,2427.26,1,0,1
ORD-00000279,2024-10-25,CUST-008805,PROD-0818,WH-APAC-TYO-1,CAR-03,1,601.46,358.35,0.0,601.46,601.46,358.35,45.19,197.92,3,3,0
ORD-00000280,2024-08-23,CUST-016296,PROD-0974,WH-US-EAST-2,CAR-03,6,492.28,329.58,0.1,2953.68,2658.31,1977.48,30.81,650.02,6,6,0
ORD-00000281,2024-03-06,CUST-007367,PROD-0102,WH-EU-CENT-1,CAR-08,10,1442.31,763.27,0.0,14423.1,14423.1,7632.7,29.93,6760.47,7,7,0
ORD-00000282,2023-07-29,CUST-018515,PROD-0232,WH-US-CENT-1,CAR-07,2,753.51,569.28,0.15,1507.02,1280.97,1138.56,34.68,107.73,5,5,0
ORD-00000283,2025-11-20,CUST-007222,PROD-0566,WH-APAC-OSAK-1,CAR-06,10,617.12,485.55,0.0,6171.2,6171.2,4855.5,26.28,1289.42,4,4,0
ORD-00000284,2024-08-01,CUST-014166,PROD-0716,WH-APAC-MELB-1,CAR-01,5,583.05,432.86,0.0,2915.25,2915.25,2164.3,32.32,718.63,5,4,1
ORD-00000285,2025-11-05,CUST-015954,PROD-0241,WH-EU-CENT-1,CAR-01,11,864.73,531.12,0.0,9512.03,9512.03,5842.32,45.34,3624.37,7,7,0
ORD-00000286,2023-11-01,CUST-011407,PROD-1181,WH-US-EAST-2,CAR-02,8,1609.44,734.87,0.05,12875.52,12231.74,5878.96,35.92,6316.86,7,8,0
ORD-00000287,2024-02-20,CUST-009469,PROD-0376,WH-UK-LOND-1,CAR-04,10,437.3,266.01,0.0,4373.0,4373.0,2660.1,46.41,1666.49,3,2,1
ORD-00000288,2023-10-08,CUST-004967,PROD-0431,WH-US-WEST-2,CAR-05,5,1081.71,823.72,0.0,5408.55,5408.55,4118.6,43.01,1246.94,7,8,0
ORD-00000289,2024-08-24,CUST-019891,PROD-1739,WH-APAC-SING-1,CAR-04,5,580.86,395.33,0.0,2904.3,2904.3,1976.65,41.4,886.25,2,2,0
ORD-00000290,2024-12-25,CUST-013765,PROD-1130,WH-APAC-OSAK-1,CAR-02,11,1049.97,753.25,0.2,11549.67,9239.74,8285.75,29.28,924.71,2,2,0
ORD-00000291,2025-02-08,CUST-007720,PROD-0229,WH-APAC-TYO-1,CAR-01,11,104.05,77.07,0.05,1144.55,1087.32,847.77,34.12,205.43,2,2,0
ORD-00000292,2023-07-06,CUST-008421,PROD-0693,WH-EU-CENT-1,CAR-03,6,583.98,317.86,0.1,3503.88,3153.49,1907.16,14.41,1231.92,2,2,0
ORD-00000293,2025-07-27,CUST-017403,PROD-0073,WH-CA-EAST-1,CAR-03,10,392.58,223.34,0.1,3925.8,3533.22,2233.4,32.23,1267.59,2,2,0
ORD-00000294,2024-04-04,CUST-009413,PROD-1379,WH-CA-EAST-1,CAR-03,5,1171.98,718.07,0.05,5859.9,5566.9,3590.35,21.57,1954.98,4,3,1
ORD-00000295,2023-11-10,CUST-021675,PROD-0277,WH-UK-MANC-1,CAR-06,10,894.18,480.89,0.05,8941.8,8494.71,4808.9,31.23,3654.58,5,5,0
ORD-00000296,2023-07-09,CUST-002880,PROD-1982,WH-US-WEST-1,CAR-04,11,323.1,241.0,0.0,3554.1,3554.1,2651.0,23.39,879.71,7,7,0
ORD-00000297,2023-07-16,CUST-014215,PROD-0981,WH-APAC-OSAK-1,CAR-02,7,274.16,177.71,0.0,1919.12,1919.12,1243.97,11.89,663.26,3,3,0
ORD-00000298,2024-10-28,CUST-006658,PROD-1355,WH-US-CENT-1,CAR-04,7,261.58,158.36,0.15,1831.06,1556.4,1108.52,44.4,403.48,7,7,0
ORD-00000299,2025-03-16,CUST-003358,PROD-0371,WH-US-WEST-2,CAR-03,7,1533.43,868.38,0.0,10734.01,10734.01,6078.66,28.2,4627.15,2,2,0
ORD-00000300,2024-06-14,CUST-014795,PROD-1719,WH-US-WEST-2,CAR-04,2,622.83,419.79,0.0,1245.66,1245.66,839.58,28.65,377.43,2,1,1
ORD-00000301,2024-10-28,CUST-016229,PROD-0309,WH-CA-EAST-1,CAR-07,8,403.28,269.67,0.0,3226.24,3226.24,2157.36,38.13,1030.75,2,2,0
ORD-00000302,2025-09-17,CUST-005735,PROD-1970,WH-APAC-OSAK-1,CAR-01,9,221.32,152.4,0.2,1991.88,1593.5,1371.6,20.15,201.75,6,6,0
ORD-00000303,2024-02-20,CUST-011297,PROD-1388,WH-US-EAST-1,CAR-02,7,892.3,638.62,0.1,6246.1,5621.49,4470.34,21.92,1129.23,4,3,1
ORD-00000304,2025-07-28,CUST-013065,PROD-0119,WH-US-EAST-1,CAR-05,10,20.17,13.22,0.1,201.7,181.53,132.2,10.79,38.54,2,3,0
ORD-00000305,2025-04-14,CUST-001547,PROD-0292,WH-US-WEST-1,CAR-01,8,395.02,295.32,0.0,3160.16,3160.16,2362.56,27.78,769.82,5,5,0
ORD-00000306,2023-11-18,CUST-013692,PROD-0599,WH-US-EAST-1,CAR-02,6,40.93,27.4,0.0,245.58,245.58,164.4,24.72,56.46,5,5,0
ORD-00000307,2024-09-06,CUST-001612,PROD-0206,WH-US-WEST-1,CAR-08,7,1021.81,786.49,0.0,7152.67,7152.67,5505.43,37.46,1609.78,2,2,0
ORD-00000308,2025-07-08,CUST-003978,PROD-1822,WH-US-EAST-2,CAR-07,9,1106.13,902.71,0.15,9955.17,8461.89,8124.39,14.76,322.74,1,0,1
ORD-00000309,2024-01-21,CUST-005108,PROD-0559,WH-UK-LOND-1,CAR-07,8,550.16,280.25,0.0,4401.28,4401.28,2242.0,41.54,2117.74,3,3,0
ORD-00000310,2025-04-23,CUST-020534,PROD-0543,WH-US-WEST-2,CAR-07,5,548.78,286.08,0.0,2743.9,2743.9,1430.4,34.94,1278.56,7,7,0
ORD-00000311,2024-04-20,CUST-004613,PROD-0725,WH-US-WEST-2,CAR-07,6,728.24,373.37,0.05,4369.44,4150.97,2240.22,25.15,1885.6,1,1,0
ORD-00000312,2025-11-09,CUST-024047,PROD-1781,WH-US-WEST-2,CAR-01,5,456.16,277.85,0.0,2280.8,2280.8,1389.25,10.99,880.56,2,3,0
ORD-00000313,2025-08-26,CUST-010520,PROD-0077,WH-US-CENT-1,CAR-03,11,818.98,582.95,0.05,9008.78,8558.34,6412.45,26.21,2119.68,7,7,0
ORD-00000314,2023-02-10,CUST-020896,PROD-1158,WH-UK-LOND-1,CAR-05,2,348.48,262.79,0.0,696.96,696.96,525.58,47.39,123.99,7,7,0
ORD-00000315,2024-04-09,CUST-014326,PROD-1604,WH-US-EAST-1,CAR-08,5,185.36,114.59,0.0,926.8,926.8,572.95,21.24,332.61,4,4,0
ORD-00000316,2024-01-25,CUST-000556,PROD-0869,WH-US-CENT-1,CAR-03,8,1086.46,754.11,0.0,8691.68,8691.68,6032.88,16.56,2642.24,7,7,0
ORD-00000317,2025-12-02,CUST-024782,PROD-0178,WH-US-EAST-1,CAR-05,9,108.87,86.67,0.05,979.83,930.84,780.03,27.25,123.56,3,3,0
ORD-00000318,2024-01-18,CUST-014227,PROD-1390,WH-APAC-SYD-1,CAR-01,7,61.46,34.37,0.2,430.22,344.18,240.59,16.75,86.84,5,5,0
ORD-00000319,2025-07-17,CUST-009194,PROD-0203,WH-US-CENT-1,CAR-07,4,1519.88,824.99,0.1,6079.52,5471.57,3299.96,20.68,2150.93,2,2,0
ORD-00000320,2024-03-01,CUST-020248,PROD-1991,WH-APAC-TYO-1,CAR-08,9,58.93,42.02,0.05,530.37,503.85,378.18,9.68,115.99,2,2,0
ORD-00000321,2024-08-25,CUST-016502,PROD-0911,WH-APAC-TYO-1,CAR-06,7,831.92,677.27,0.0,5823.44,5823.44,4740.89,39.47,1043.08,6,5,1
ORD-00000322,2025-06-19,CUST-018912,PROD-1161,WH-APAC-MELB-1,CAR-02,11,1421.38,867.61,0.05,15635.18,14853.42,9543.71,47.61,5262.1,2,2,0
ORD-00000323,2025-11-29,CUST-003852,PROD-0618,WH-APAC-SYD-1,CAR-02,10,934.61,579.46,0.2,9346.1,7476.88,5794.6,6.38,1675.9,6,5,1
ORD-00000324,2025-09-03,CUST-003762,PROD-0003,WH-US-EAST-1,CAR-08,7,243.55,180.2,0.1,1704.85,1534.37,1261.4,46.41,226.56,6,6,0
ORD-00000325,2023-06-03,CUST-011093,PROD-0721,WH-APAC-SING-1,CAR-03,7,665.62,321.63,0.0,4659.34,4659.34,2251.41,46.96,2360.97,3,3,0
ORD-00000326,2023-08-26,CUST-021875,PROD-0867,WH-UK-MANC-1,CAR-01,10,353.97,213.87,0.05,3539.7,3362.72,2138.7,25.56,1198.46,1,1,0
ORD-00000327,2023-10-08,CUST-006372,PROD-0189,WH-US-EAST-1,CAR-08,8,611.22,500.28,0.0,4889.76,4889.76,4002.24,45.28,842.24,4,4,0
ORD-00000328,2024-01-05,CUST-013593,PROD-0722,WH-APAC-SYD-1,CAR-02,4,737.59,492.49,0.05,2950.36,2802.84,1969.96,15.19,817.69,3,3,0
ORD-00000329,2024-03-16,CUST-021621,PROD-1027,WH-US-CENT-1,CAR-08,8,322.21,229.32,0.1,2577.68,2319.91,1834.56,11.14,474.21,7,7,0
ORD-00000330,2023-03-23,CUST-005704,PROD-1033,WH-US-CENT-1,CAR-08,11,1278.83,625.22,0.0,14067.13,14067.13,6877.42,41.06,7148.65,7,7,0
ORD-00000331,2023-04-14,CUST-021021,PROD-0631,WH-US-WEST-1,CAR-06,4,1133.98,820.21,0.0,4535.92,4535.92,3280.84,23.72,1231.36,4,4,0
ORD-00000332,2024-12-08,CUST-009241,PROD-1445,WH-APAC-TYO-1,CAR-07,1,197.82,140.63,0.0,197.82,197.82,140.63,32.19,25.0,7,7,0
ORD-00000333,2023-10-11,CUST-022615,PROD-1436,WH-APAC-SYD-1,CAR-01,5,203.36,95.05,0.1,1016.8,915.12,475.25,14.58,425.29,3,3,0
ORD-00000334,2025-09-30,CUST-003001,PROD-0195,WH-APAC-SYD-1,CAR-01,1,200.04,146.67,0.0,200.04,200.04,146.67,6.6,46.77,5,5,0
ORD-00000335,2024-11-23,CUST-007423,PROD-0327,WH-APAC-MELB-1,CAR-04,8,349.27,203.24,0.0,2794.16,2794.16,1625.92,9.39,1158.85,5,5,0
ORD-00000336,2023-11-02,CUST-005516,PROD-1301,WH-US-WEST-1,CAR-08,7,20.08,12.12,0.0,140.56,140.56,84.84,29.15,26.57,2,3,0
ORD-00000337,2024-12-12,CUST-018610,PROD-0868,WH-APAC-SYD-1,CAR-08,11,561.4,376.36,0.0,6175.4,6175.4,4139.96,18.3,2017.14,1,1,0
ORD-00000338,2023-02-10,CUST-010380,PROD-1624,WH-US-EAST-2,CAR-05,4,541.43,322.37,0.0,2165.72,2165.72,1289.48,46.81,829.43,2,2,0
ORD-00000339,2025-07-12,CUST-009298,PROD-1125,WH-APAC-TYO-1,CAR-06,10,626.1,391.5,0.0,6261.0,6261.0,3915.0,24.32,2321.68,6,6,0
ORD-00000340,2024-06-30,CUST-022372,PROD-0153,WH-UK-MANC-1,CAR-04,2,1033.67,773.29,0.1,2067.34,1860.61,1546.58,19.16,294.87,3,3,0
ORD-00000341,2024-11-13,CUST-012720,PROD-0638,WH-US-CENT-1,CAR-06,1,11.55,8.05,0.0,11.55,11.55,8.05,28.75,-25.25,6,6,0
ORD-00000342,2025-01-25,CUST-019378,PROD-0176,WH-APAC-SYD-1,CAR-02,5,819.23,464.42,0.05,4096.15,3891.34,2322.1,15.89,1553.35,3,3,0
ORD-00000343,2024-05-09,CUST-004863,PROD-0745,WH-US-WEST-2,CAR-06,3,961.55,442.12,0.1,2884.65,2596.18,1326.36,5.37,1264.45,2,2,0
ORD-00000344,2023-12-18,CUST-010293,PROD-0512,WH-APAC-OSAK-1,CAR-05,6,479.26,236.85,0.15,2875.56,2444.23,1421.1,30.77,992.36,4,4,0
ORD-00000345,2023-03-30,CUST-019825,PROD-0971,WH-APAC-SING-1,CAR-08,10,790.18,515.99,0.0,7901.8,7901.8,5159.9,9.82,2732.08,2,3,0
ORD-00000346,2025-08-18,CUST-012955,PROD-0237,WH-APAC-SYD-1,CAR-03,4,339.41,208.09,0.0,1357.64,1357.64,832.36,19.42,505.86,7,7,0
ORD-00000347,2023-06-06,CUST-011843,PROD-0473,WH-CA-EAST-1,CAR-03,8,228.69,132.3,0.2,1829.52,1463.62,1058.4,24.7,380.52,1,1,0
ORD-00000348,2023-03-11,CUST-001997,PROD-0849,WH-UK-LOND-1,CAR-02,2,335.42,253.48,0.2,670.84,536.67,506.96,30.53,-0.82,1,2,0
ORD-00000349,2025-05-17,CUST-001075,PROD-0161,WH-US-WEST-1,CAR-06,3,976.58,758.12,0.0,2929.74,2929.74,2274.36,44.43,610.95,6,7,0
ORD-00000350,2025-08-28,CUST-023913,PROD-0524,WH-APAC-SYD-1,CAR-03,6,1464.22,792.29,0.1,8785.32,7906.79,4753.74,37.07,3115.98,2,2,0
ORD-00000351,2023-05-17,CUST-014379,PROD-1090,WH-US-WEST-1,CAR-06,3,1285.99,938.26,0.1,3857.97,3472.17,2814.78,40.45,616.94,6,6,0
ORD-00000352,2024-07-12,CUST-010896,PROD-0009,WH-US-EAST-1,CAR-03,9,1193.67,943.36,0.0,10743.03,10743.03,8490.24,20.74,2232.05,6,6,0
ORD-00000353,2024-02-14,CUST-000867,PROD-1762,WH-UK-LOND-1,CAR-08,8,853.52,472.08,0.05,6828.16,6486.75,3776.64,12.81,2697.3,3,3,0
ORD-00000354,2023-03-03,CUST-003783,PROD-1823,WH-US-WEST-1,CAR-03,4,643.99,441.52,0.05,2575.96,2447.16,1766.08,28.6,652.48,4,3,1
ORD-00000355,2025-10-03,CUST-010325,PROD-1055,WH-US-EAST-2,CAR-08,10,466.34,236.67,0.0,4663.4,4663.4,2366.7,33.38,2263.32,1,1,0
ORD-00000356,2025-02-16,CUST-020406,PROD-0974,WH-APAC-SYD-1,CAR-03,6,492.28,329.58,0.05,2953.68,2806.0,1977.48,26.3,802.22,2,2,0
ORD-00000357,2023-10-25,CUST-014017,PROD-1929,WH-US-EAST-1,CAR-07,6,624.56,344.88,0.0,3747.36,3747.36,2069.28,37.53,1640.55,5,6,0
ORD-00000358,2024-12-25,CUST-010270,PROD-0320,WH-UK-MANC-1,CAR-02,7,1049.96,772.77,0.0,7349.72,7349.72,5409.39,47.95,1892.38,1,1,0
ORD-00000359,2024-09-05,CUST-009363,PROD-1111,WH-CA-EAST-1,CAR-05,4,194.13,115.84,0.15,776.52,660.04,463.36,6.55,190.13,1,1,0
ORD-00000360,2025-07-05,CUST-004184,PROD-0597,WH-APAC-TYO-1,CAR-07,10,359.97,275.88,0.1,3599.7,3239.73,2758.8,32.27,448.66,7,7,0
ORD-00000361,2025-02-07,CUST-007470,PROD-1427,WH-CA-EAST-1,CAR-02,6,644.75,489.56,0.0,3868.5,3868.5,2937.36,41.79,889.35,2,2,0
ORD-00000362,2023-08-09,CUST-013116,PROD-0558,WH-APAC-TYO-1,CAR-07,9,411.37,304.25,0.1,3702.33,3332.1,2738.25,17.45,576.4,3,3,0
ORD-00000363,2025-03-26,CUST-016975,PROD-1260,WH-UK-MANC-1,CAR-02,10,263.69,171.98,0.05,2636.9,2505.06,1719.8,6.49,778.77,2,2,0
ORD-00000364,2023-05-19,CUST-016099,PROD-0106,WH-US-CENT-1,CAR-08,2,174.74,98.01,0.0,349.48,349.48,196.02,17.9,135.56,7,7,0
ORD-00000365,2023-07-03,CUST-007192,PROD-0975,WH-EU-CENT-1,CAR-01,11,951.33,705.6,0.0,10464.63,10464.63,7761.6,6.88,2696.15,7,7,0
ORD-00000366,2024-12-02,CUST-002225,PROD-1069,WH-US-WEST-1,CAR-02,6,122.98,68.55,0.0,737.88,737.88,411.3,46.16,280.42,4,4,0
ORD-00000367,2024-11-01,CUST-023739,PROD-0558,WH-US-EAST-2,CAR-08,5,411.37,304.25,0.0,2056.85,2056.85,1521.25,33.97,501.63,7,7,0
ORD-00000368,2025-06-04,CUST-005334,PROD-0544,WH-APAC-SYD-1,CAR-03,9,256.26,206.57,0.0,2306.34,2306.34,1859.13,27.63,419.58,5,5,0
ORD-00000369,2023-08-23,CUST-015024,PROD-1678,WH-US-EAST-2,CAR-05,8,748.85,457.1,0.2,5990.8,4792.64,3656.8,44.64,1091.2,3,4,0
ORD-00000370,2025-07-03,CUST-006134,PROD-0873,WH-APAC-MELB-1,CAR-04,2,1778.12,847.45,0.05,3556.24,3378.43,1694.9,45.02,1638.51,4,4,0
ORD-00000371,2025-05-06,CUST-021230,PROD-1122,WH-UK-LOND-1,CAR-07,5,404.41,297.04,0.0,2022.05,2022.05,1485.2,13.38,523.47,5,5,0
ORD-00000372,2025-09-06,CUST-011461,PROD-0086,WH-US-WEST-1,CAR-07,5,1369.55,680.39,0.0,6847.75,6847.75,3401.95,44.13,3401.67,3,2,1
ORD-00000373,2024-03-04,CUST-004905,PROD-0902,WH-APAC-TYO-1,CAR-08,5,1537.65,858.47,0.1,7688.25,6919.42,4292.35,34.17,2592.9,1,1,0
ORD-00000374,2024-08-06,CUST-004899,PROD-1140,WH-US-WEST-1,CAR-05,9,1332.22,723.26,0.0,11989.98,11989.98,6509.34,36.93,5443.71,1,1,0
ORD-00000375,2025-09-15,CUST-018880,PROD-0305,WH-EU-CENT-1,CAR-08,4,408.91,207.03,0.0,1635.64,1635.64,828.12,21.58,785.94,6,6,0
ORD-00000376,2023-03-12,CUST-024741,PROD-1753,WH-US-WEST-2,CAR-04,2,1748.45,849.57,0.2,3496.9,2797.52,1699.14,26.28,1072.1,6,6,0
ORD-00000377,2025-10-16,CUST-002484,PROD-0032,WH-APAC-OSAK-1,CAR-03,9,1308.26,792.15,0.05,11774.34,11185.62,7129.35,11.35,4044.92,5,5,0
ORD-00000378,2025-07-31,CUST-019986,PROD-0675,WH-UK-LOND-1,CAR-02,6,795.51,509.76,0.0,4773.06,4773.06,3058.56,6.13,1708.37,5,5,0
ORD-00000379,2025-03-18,CUST-012053,PROD-0980,WH-CA-EAST-1,CAR-04,2,960.33,459.71,0.05,1920.66,1824.63,919.42,22.88,882.33,3,3,0
ORD-00000380,2024-05-04,CUST-003328,PROD-0447,WH-EU-CENT-1,CAR-04,4,517.06,372.44,0.15,2068.24,1758.0,1489.76,37.13,231.11,2,1,1
ORD-00000381,2025-10-20,CUST-010049,PROD-1396,WH-APAC-MELB-1,CAR-03,7,568.95,317.87,0.05,3982.65,3783.52,2225.09,39.12,1519.31,6,6,0
ORD-00000382,2024-06-05,CUST-002001,PROD-0093,WH-APAC-SYD-1,CAR-03,6,783.22,434.14,0.05,4699.32,4464.35,2604.84,44.6,1814.91,2,2,0
ORD-00000383,2024-02-28,CUST-021640,PROD-0248,WH-EU-WEST-1,CAR-08,4,769.6,583.59,0.05,3078.4,2924.48,2334.36,47.07,543.05,6,5,1
ORD-00000384,2025-09-04,CUST-004573,PROD-1184,WH-APAC-SING-1,CAR-04,4,924.08,697.59,0.0,3696.32,3696.32,2790.36,6.56,899.4,5,6,0
ORD-00000385,2024-02-04,CUST-006897,PROD-0189,WH-APAC-MELB-1,CAR-01,1,611.22,500.28,0.1,611.22,550.1,500.28,45.37,4.45,1,1,0
ORD-00000386,2025-11-16,CUST-005234,PROD-0170,WH-US-WEST-2,CAR-07,9,1658.08,848.77,0.1,14922.72,13430.45,7638.93,5.6,5785.92,1,1,0
ORD-00000387,2024-05-07,CUST-012645,PROD-0215,WH-APAC-SYD-1,CAR-07,8,957.15,656.03,0.0,7657.2,7657.2,5248.24,41.1,2367.86,3,3,0
ORD-00000388,2024-08-15,CUST-002365,PROD-0575,WH-APAC-SYD-1,CAR-08,10,227.58,151.41,0.0,2275.8,2275.8,1514.1,33.37,728.33,1,1,0
ORD-00000389,2023-01-22,CUST-024508,PROD-0735,WH-US-WEST-2,CAR-07,7,1778.25,847.87,0.15,12447.75,10580.59,5935.09,21.24,4624.26,1,2,0
ORD-00000390,2025-08-04,CUST-005829,PROD-1903,WH-US-EAST-2,CAR-07,6,1100.8,823.07,0.05,6604.8,6274.56,4938.42,5.31,1330.83,6,5,1
ORD-00000391,2023-02-09,CUST-001211,PROD-1358,WH-EU-CENT-1,CAR-06,7,1489.18,804.9,0.1,10424.26,9381.83,5634.3,42.56,3704.97,1,1,0
ORD-00000392,2025-07-20,CUST-015626,PROD-1341,WH-APAC-SYD-1,CAR-04,2,28.14,21.11,0.2,56.28,45.02,42.22,19.24,-16.44,1,1,0
ORD-00000393,2023-01-23,CUST-006847,PROD-1876,WH-EU-CENT-1,CAR-01,10,1408.28,682.03,0.0,14082.8,14082.8,6820.3,32.48,7230.02,3,3,0
ORD-00000394,2024-12-20,CUST-011206,PROD-0042,WH-APAC-SYD-1,CAR-02,11,1231.67,866.48,0.05,13548.37,12870.95,9531.28,21.56,3318.11,1,0,1
ORD-00000395,2025-09-10,CUST-018183,PROD-1172,WH-EU-CENT-1,CAR-06,11,215.93,130.27,0.0,2375.23,2375.23,1432.97,45.15,897.11,4,4,0
ORD-00000396,2023-01-28,CUST-000547,PROD-1216,WH-APAC-OSAK-1,CAR-03,5,181.61,145.54,0.1,908.05,817.25,727.7,39.71,49.84,4,3,1
ORD-00000397,2023-11-06,CUST-013147,PROD-1009,WH-APAC-SYD-1,CAR-02,11,534.71,266.82,0.0,5881.81,5881.81,2935.02,39.52,2907.27,1,1,0
ORD-00000398,2024-06-22,CUST-008234,PROD-0596,WH-US-CENT-1,CAR-04,11,524.12,417.88,0.0,5765.32,5765.32,4596.68,9.51,1159.13,4,3,1
ORD-00000399,2024-12-19,CUST-001749,PROD-1553,WH-APAC-OSAK-1,CAR-04,4,1440.06,748.83,0.1,5760.24,5184.22,2995.32,20.44,2168.46,3,3,0
ORD-00000400,2025-06-12,CUST-013400,PROD-1391,WH-UK-LOND-1,CAR-01,6,445.64,254.55,0.0,2673.84,2673.84,1527.3,31.67,1114.87,3,2,1
ORD-00000401,2024-05-23,CUST-023837,PROD-1991,WH-US-CENT-1,CAR-04,2,58.93,42.02,0.0,117.86,117.86,84.04,25.07,8.75,4,3,1
ORD-00000402,2024-12-26,CUST-011419,PROD-0432,WH-APAC-OSAK-1,CAR-08,1,605.86,285.24,0.0,605.86,605.86,285.24,27.74,292.88,7,6,1
ORD-00000403,2023-01-23,CUST-022822,PROD-0219,WH-US-WEST-1,CAR-06,3,1388.31,790.92,0.0,4164.93,4164.93,2372.76,16.99,1775.18,1,1,0
ORD-00000404,2023-06-16,CUST-006914,PROD-0048,WH-UK-MANC-1,CAR-06,2,48.76,39.58,0.1,97.52,87.77,79.16,5.34,3.27,2,2,0
ORD-00000405,2024-06-04,CUST-001561,PROD-0327,WH-EU-CENT-1,CAR-01,7,349.27,203.24,0.1,2444.89,2200.4,1422.68,10.73,766.99,1,1,0
ORD-00000406,2025-11-04,CUST-003778,PROD-1468,WH-APAC-TYO-1,CAR-01,5,1128.79,693.08,0.0,5643.95,5643.95,3465.4,26.77,2151.78,4,4,0
ORD-00000407,2023-08-05,CUST-022587,PROD-0329,WH-US-EAST-2,CAR-05,7,882.28,572.69,0.0,6175.96,6175.96,4008.83,39.45,2127.68,3,2,1
ORD-00000408,2025-07-30,CUST-024170,PROD-0954,WH-US-WEST-1,CAR-04,7,1190.98,742.34,0.0,8336.86,8336.86,5196.38,18.34,3122.14,6,6,0
ORD-00000409,2024-06-03,CUST-018951,PROD-1831,WH-CA-EAST-1,CAR-05,4,1647.87,822.78,0.0,6591.48,6591.48,3291.12,7.31,3293.05,6,6,0
ORD-00000410,2023-07-25,CUST-007857,PROD-1144,WH-EU-CENT-1,CAR-03,10,591.42,328.71,0.0,5914.2,5914.2,3287.1,8.89,2618.21,4,4,0
ORD-00000411,2024-05-07,CUST-012484,PROD-1276,WH-APAC-TYO-1,CAR-06,6,1693.94,850.19,0.0,10163.64,10163.64,5101.14,5.09,5057.41,4,4,0
ORD-00000412,2025-03-05,CUST-007020,PROD-0728,WH-US-WEST-2,CAR-01,6,1014.15,609.3,0.1,6084.9,5476.41,3655.8,10.31,1810.3,4,4,0
ORD-00000413,2025-11-13,CUST-018152,PROD-1534,WH-US-WEST-2,CAR-03,6,257.28,169.16,0.05,1543.68,1466.5,1014.96,27.18,424.36,2,2,0
ORD-00000414,2025-10-21,CUST-001321,PROD-0126,WH-US-EAST-2,CAR-06,5,1764.58,945.11,0.1,8822.9,7940.61,4725.55,11.52,3203.54,6,6,0
ORD-00000415,2023-07-08,CUST-020329,PROD-0024,WH-APAC-TYO-1,CAR-05,11,85.68,49.14,0.0,942.48,942.48,540.54,17.47,384.47,1,2,0
ORD-00000416,2025-04-17,CUST-009948,PROD-0565,WH-US-EAST-1,CAR-03,10,1333.94,780.62,0.0,13339.4,13339.4,7806.2,10.08,5523.12,2,2,0
ORD-00000417,2023-06-30,CUST-015198,PROD-0731,WH-US-EAST-2,CAR-01,7,1082.68,619.94,0.15,7578.76,6441.95,4339.58,29.04,2073.33,4,4,0
ORD-00000418,2025-07-06,CUST-012056,PROD-1629,WH-APAC-OSAK-1,CAR-08,2,1085.56,670.66,0.05,2171.12,2062.56,1341.32,7.25,713.99,7,7,0
ORD-00000419,2024-02-18,CUST-021796,PROD-1469,WH-EU-WEST-1,CAR-06,10,1046.75,505.16,0.05,10467.5,9944.12,5051.6,38.24,4854.28,7,7,0
ORD-00000420,2025-12-10,CUST-013136,PROD-1882,WH-APAC-OSAK-1,CAR-01,11,522.95,410.88,0.0,5752.45,5752.45,4519.68,35.72,1197.05,6,6,0
ORD-00000421,2024-10-28,CUST-012769,PROD-1122,WH-APAC-OSAK-1,CAR-06,9,404.41,297.04,0.1,3639.69,3275.72,2673.36,29.52,572.84,2,2,0
ORD-00000422,2024-02-02,CUST-023536,PROD-0903,WH-US-CENT-1,CAR-03,1,1728.74,858.84,0.1,1728.74,1555.87,858.84,12.76,684.27,5,6,0
ORD-00000423,2024-12-08,CUST-022293,PROD-0680,WH-US-EAST-1,CAR-04,5,1589.75,780.41,0.0,7948.75,7948.75,3902.05,44.89,4001.81,7,7,0
ORD-00000424,2024-08-26,CUST-024859,PROD-1389,WH-APAC-MELB-1,CAR-01,8,774.98,606.27,0.15,6199.84,5269.86,4850.16,30.99,388.71,1,1,0
ORD-00000425,2023-06-10,CUST-004693,PROD-0564,WH-EU-CENT-1,CAR-02,11,729.99,506.32,0.15,8029.89,6825.41,5569.52,23.9,1231.99,3,3,0
ORD-00000426,2025-10-23,CUST-022747,PROD-1978,WH-CA-EAST-1,CAR-03,4,1542.51,861.8,0.0,6170.04,6170.04,3447.2,45.74,2677.1,7,6,1
ORD-00000427,2024-01-13,CUST-023429,PROD-1418,WH-APAC-TYO-1,CAR-06,3,1289.6,638.35,0.1,3868.8,3481.92,1915.05,44.06,1522.81,6,7,0
ORD-00000428,2023-07-27,CUST-022389,PROD-0100,WH-EU-WEST-1,CAR-05,3,1724.43,852.73,0.05,5173.29,4914.63,2558.19,20.21,2336.23,4,4,0
ORD-00000429,2024-12-24,CUST-003811,PROD-1024,WH-UK-LOND-1,CAR-05,3,371.06,258.63,0.0,1113.18,1113.18,775.89,25.78,311.51,7,7,0
ORD-00000430,2024-07-13,CUST-022486,PROD-1034,WH-APAC-SING-1,CAR-06,2,125.46,63.41,0.0,250.92,250.92,126.82,12.06,112.04,1,1,0
ORD-00000431,2025-07-12,CUST-000827,PROD-1785,WH-APAC-SYD-1,CAR-03,4,572.43,305.79,0.0,2289.72,2289.72,1223.16,36.8,1029.76,3,3,0
ORD-00000432,2023-05-01,CUST-020388,PROD-0511,WH-APAC-SING-1,CAR-04,7,1106.71,887.91,0.05,7746.97,7359.62,6215.37,18.27,1125.98,5,5,0
ORD-00000433,2023-01-08,CUST-008482,PROD-1389,WH-APAC-TYO-1,CAR-06,10,774.98,606.27,0.0,7749.8,7749.8,6062.7,17.44,1669.66,4,4,0
ORD-00000434,2024-02-18,CUST-020982,PROD-0047,WH-APAC-TYO-1,CAR-01,1,433.47,209.02,0.15,433.47,368.45,209.02,7.34,152.09,7,7,0
ORD-00000435,2024-02-08,CUST-007677,PROD-1804,WH-US-EAST-2,CAR-05,4,216.05,156.68,0.0,864.2,864.2,626.72,20.6,216.88,1,1,0
ORD-00000436,2025-01-25,CUST-008846,PROD-0547,WH-APAC-SING-1,CAR-04,3,1452.8,936.33,0.0,4358.4,4358.4,2808.99,24.72,1524.69,7,7,0
ORD-00000437,2025-12-05,CUST-003131,PROD-1761,WH-US-WEST-1,CAR-08,4,289.23,175.62,0.0,1156.92,1156.92,702.48,11.01,443.43,4,4,0
ORD-00000438,2025-12-23,CUST-001081,PROD-0596,WH-US-WEST-2,CAR-05,9,524.12,417.88,0.05,4717.08,4481.23,3760.92,30.51,689.8,5,5,0
ORD-00000439,2024-08-17,CUST-003109,PROD-0151,WH-APAC-SYD-1,CAR-07,2,1765.02,830.09,0.05,3530.04,3353.54,1660.18,42.21,1651.15,4,4,0
ORD-00000440,2025-04-11,CUST-020154,PROD-0227,WH-US-EAST-2,CAR-01,9,520.61,362.76,0.0,4685.49,4685.49,3264.84,17.91,1402.74,2,2,0
ORD-00000441,2024-09-30,CUST-008659,PROD-0844,WH-CA-EAST-1,CAR-08,1,1300.35,772.28,0.0,1300.35,1300.35,772.28,13.95,514.12,3,3,0
ORD-00000442,2024-06-07,CUST-021280,PROD-0915,WH-US-WEST-2,CAR-07,2,860.24,471.41,0.05,1720.48,1634.46,942.82,31.97,659.67,5,5,0
ORD-00000443,2024-06-18,CUST-014037,PROD-1002,WH-APAC-MELB-1,CAR-03,2,231.12,183.79,0.2,462.24,369.79,367.58,22.89,-20.68,4,4,0
ORD-00000444,2023-11-21,CUST-003535,PROD-1039,WH-UK-LOND-1,CAR-03,11,1189.6,932.65,0.0,13085.6,13085.6,10259.15,27.13,2799.32,6,6,0
ORD-00000445,2023-01-10,CUST-015697,PROD-0351,WH-EU-WEST-1,CAR-02,4,829.55,454.43,0.05,3318.2,3152.29,1817.72,15.16,1319.41,7,7,0
ORD-00000446,2025-03-05,CUST-024253,PROD-0802,WH-US-WEST-2,CAR-08,6,1576.84,748.37,0.05,9461.04,8987.99,4490.22,44.16,4453.61,1,1,0
ORD-00000447,2024-12-09,CUST-002028,PROD-1435,WH-EU-CENT-1,CAR-03,8,1174.68,528.96,0.15,9397.44,7987.82,4231.68,8.01,3748.13,4,3,1
ORD-00000448,2025-11-04,CUST-020077,PROD-1420,WH-APAC-SYD-1,CAR-06,10,1109.35,710.43,0.15,11093.5,9429.48,7104.3,34.23,2290.95,4,4,0
ORD-00000449,2024-11-05,CUST-011608,PROD-1142,WH-APAC-SYD-1,CAR-03,8,177.96,127.81,0.0,1423.68,1423.68,1022.48,7.04,394.16,6,6,0
ORD-00000450,2024-11-06,CUST-010160,PROD-1778,WH-US-CENT-1,CAR-04,9,327.32,251.68,0.0,2945.88,2945.88,2265.12,24.07,656.69,7,7,0
ORD-00000451,2025-03-04,CUST-022411,PROD-1140,WH-CA-EAST-1,CAR-03,7,1332.22,723.26,0.05,9325.54,8859.26,5062.82,10.97,3785.47,3,3,0
ORD-00000452,2025-07-23,CUST-002661,PROD-1845,WH-US-EAST-1,CAR-04,3,227.3,144.13,0.0,681.9,681.9,432.39,16.36,233.15,7,7,0
ORD-00000453,2025-03-20,CUST-014652,PROD-1284,WH-APAC-MELB-1,CAR-04,6,669.63,408.34,0.05,4017.78,3816.89,2450.04,25.4,1341.45,6,6,0
ORD-00000454,2024-01-31,CUST-022674,PROD-1607,WH-EU-CENT-1,CAR-01,3,232.77,121.76,0.0,698.31,698.31,365.28,10.87,322.16,2,2,0
ORD-00000455,2023-06-15,CUST-015736,PROD-1012,WH-EU-WEST-1,CAR-02,10,896.96,575.13,0.0,8969.6,8969.6,5751.3,25.65,3192.65,2,2,0
ORD-00000456,2024-11-02,CUST-014300,PROD-0680,WH-APAC-MELB-1,CAR-08,7,1589.75,780.41,0.1,11128.25,10015.42,5462.87,21.4,4531.16,4,4,0
ORD-00000457,2024-06-03,CUST-018637,PROD-1074,WH-APAC-TYO-1,CAR-05,11,273.38,173.05,0.1,3007.18,2706.46,1903.55,45.88,757.03,6,6,0
ORD-00000458,2025-05-22,CUST-018411,PROD-0843,WH-APAC-SYD-1,CAR-08,1,1604.67,897.17,0.05,1604.67,1524.44,897.17,27.55,599.72,2,1,1
ORD-00000459,2024-01-11,CUST-017639,PROD-0505,WH-APAC-SING-1,CAR-01,3,1085.95,631.48,0.0,3257.85,3257.85,1894.44,28.55,1334.86,4,4,0
ORD-00000460,2023-06-07,CUST-023910,PROD-0491,WH-US-WEST-1,CAR-05,2,915.55,605.73,0.1,1831.1,1647.99,1211.46,12.15,424.38,3,3,0
ORD-00000461,2025-01-03,CUST-006768,PROD-0234,WH-EU-CENT-1,CAR-02,7,1622.25,932.63,0.2,11355.75,9084.6,6528.41,29.22,2526.97,7,8,0
ORD-00000462,2024-09-19,CUST-012328,PROD-1128,WH-APAC-SYD-1,CAR-07,8,605.69,443.97,0.0,4845.52,4845.52,3551.76,45.46,1248.3,3,4,0
ORD-00000463,2025-11-02,CUST-021210,PROD-1688,WH-EU-WEST-1,CAR-07,6,167.32,117.01,0.1,1003.92,903.53,702.06,18.04,183.43,1,1,0
ORD-00000464,2023-07-25,CUST-015552,PROD-0970,WH-US-EAST-2,CAR-06,7,440.5,292.05,0.15,3083.5,2620.98,2044.35,5.65,570.97,3,3,0
ORD-00000465,2024-02-07,CUST-000356,PROD-1014,WH-APAC-OSAK-1,CAR-08,3,1195.53,885.05,0.05,3586.59,3407.26,2655.15,39.37,712.74,3,3,0
ORD-00000466,2023-10-07,CUST-022683,PROD-0752,WH-CA-EAST-1,CAR-07,3,37.32,25.09,0.05,111.96,106.36,75.27,29.44,1.65,2,2,0
ORD-00000467,2024-07-27,CUST-002740,PROD-1691,WH-UK-LOND-1,CAR-06,3,1082.25,717.75,0.0,3246.75,3246.75,2153.25,41.94,1051.56,5,6,0
ORD-00000468,2024-09-07,CUST-009808,PROD-1230,WH-APAC-SYD-1,CAR-02,11,1420.87,948.29,0.15,15629.57,13285.13,10431.19,6.82,2847.12,2,2,0
ORD-00000469,2023-12-05,CUST-019533,PROD-1281,WH-APAC-OSAK-1,CAR-05,10,152.98,99.33,0.1,1529.8,1376.82,993.3,10.66,372.86,4,5,0
ORD-00000470,2025-08-25,CUST-014391,PROD-1396,WH-EU-CENT-1,CAR-08,1,568.95,317.87,0.0,568.95,568.95,317.87,37.99,213.09,2,3,0
ORD-00000471,2024-07-02,CUST-003931,PROD-1902,WH-APAC-SYD-1,CAR-06,7,33.96,22.23,0.0,237.72,237.72,155.61,22.29,59.82,1,1,0
ORD-00000472,2025-09-19,CUST-024033,PROD-1633,WH-US-WEST-1,CAR-04,11,1088.46,818.74,0.0,11973.06,11973.06,9006.14,43.22,2923.7,2,2,0
ORD-00000473,2023-04-26,CUST-004767,PROD-1511,WH-US-WEST-1,CAR-08,4,1653.44,893.19,0.05,6613.76,6283.07,3572.76,39.17,2671.14,4,4,0
ORD-00000474,2023-11-26,CUST-005259,PROD-0328,WH-CA-EAST-1,CAR-02,3,1040.74,709.89,0.0,3122.22,3122.22,2129.67,16.42,976.13,2,2,0
ORD-00000475,2023-01-17,CUST-020881,PROD-1064,WH-US-CENT-1,CAR-06,11,141.8,111.23,0.1,1559.8,1403.82,1223.53,17.78,162.51,7,7,0
ORD-00000476,2023-06-02,CUST-012518,PROD-1008,WH-US-EAST-1,CAR-05,2,1186.71,725.2,0.05,2373.42,2254.75,1450.4,26.1,778.25,7,7,0
ORD-00000477,2024-02-13,CUST-012355,PROD-0978,WH-US-EAST-1,CAR-02,5,574.41,382.73,0.0,2872.05,2872.05,1913.65,20.87,937.53,5,5,0
ORD-00000478,2023-10-24,CUST-006258,PROD-0239,WH-APAC-MELB-1,CAR-05,11,829.6,665.92,0.0,9125.6,9125.6,7325.12,9.98,1790.5,7,7,0
ORD-00000479,2023-04-02,CUST-024472,PROD-1293,WH-EU-WEST-1,CAR-08,7,740.31,354.83,0.0,5182.17,5182.17,2483.81,6.43,2691.93,2,3,0
ORD-00000480,2023-11-24,CUST-006104,PROD-0414,WH-APAC-OSAK-1,CAR-05,5,1192.32,828.9,0.1,5961.6,5365.44,4144.5,6.82,1214.12,3,3,0
ORD-00000481,2025-01-16,CUST-021517,PROD-1302,WH-US-CENT-1,CAR-08,3,949.48,745.63,0.0,2848.44,2848.44,2236.89,21.3,590.25,5,5,0
ORD-00000482,2024-10-24,CUST-024470,PROD-0032,WH-US-WEST-2,CAR-05,7,1308.26,792.15,0.0,9157.82,9157.82,5545.05,30.22,3582.55,4,3,1
ORD-00000483,2025-01-21,CUST-009875,PROD-0678,WH-APAC-SYD-1,CAR-01,2,1431.81,816.85,0.1,2863.62,2577.26,1633.7,15.08,928.48,4,4,0
ORD-00000484,2023-01-03,CUST-007189,PROD-1259,WH-EU-WEST-1,CAR-07,11,741.37,401.38,0.1,8155.07,7339.56,4415.18,27.38,2897.0,3,3,0
ORD-00000485,2024-05-14,CUST-009712,PROD-1758,WH-US-EAST-2,CAR-04,9,422.71,338.55,0.0,3804.39,3804.39,3046.95,12.44,745.0,2,1,1
ORD-00000486,2023-06-18,CUST-004311,PROD-0125,WH-APAC-OSAK-1,CAR-02,4,857.93,686.17,0.0,3431.72,3431.72,2744.68,44.66,642.38,6,6,0
ORD-00000487,2024-05-22,CUST-021648,PROD-1156,WH-UK-MANC-1,CAR-06,9,860.76,453.36,0.15,7746.84,6584.81,4080.24,45.3,2459.27,2,2,0
ORD-00000488,2023-09-29,CUST-002538,PROD-0938,WH-APAC-MELB-1,CAR-04,3,1498.4,757.29,0.05,4495.2,4270.44,2271.87,20.6,1977.97,7,7,0
ORD-00000489,2025-01-31,CUST-021383,PROD-0766,WH-US-EAST-2,CAR-07,11,1149.58,562.26,0.0,12645.38,12645.38,6184.86,42.61,6417.91,4,4,0
ORD-00000490,2023-06-18,CUST-008532,PROD-1703,WH-APAC-TYO-1,CAR-07,3,1056.04,732.89,0.0,3168.12,3168.12,2198.67,17.52,951.93,6,6,0
ORD-00000491,2025-09-16,CUST-008304,PROD-1386,WH-UK-LOND-1,CAR-06,7,172.88,123.4,0.0,1210.16,1210.16,863.8,25.55,320.81,7,7,0
ORD-00000492,2024-06-02,CUST-020122,PROD-0742,WH-APAC-MELB-1,CAR-01,3,1415.15,839.75,0.15,4245.45,3608.63,2519.25,28.31,1061.07,3,3,0
ORD-00000493,2024-10-16,CUST-004182,PROD-0557,WH-US-CENT-1,CAR-01,7,1499.64,707.23,0.05,10497.48,9972.61,4950.61,25.74,4996.26,1,1,0
ORD-00000494,2024-04-05,CUST-020841,PROD-1607,WH-APAC-SING-1,CAR-05,8,232.77,121.76,0.0,1862.16,1862.16,974.08,28.11,859.97,1,1,0
ORD-00000495,2024-06-07,CUST-000484,PROD-0510,WH-US-WEST-2,CAR-02,10,735.92,558.56,0.0,7359.2,7359.2,5585.6,41.62,1731.98,7,7,0
ORD-00000496,2024-04-04,CUST-012762,PROD-1308,WH-APAC-MELB-1,CAR-03,11,1074.74,783.59,0.0,11822.14,11822.14,8619.49,13.0,3189.65,1,1,0
ORD-00000497,2025-01-01,CUST-015436,PROD-1891,WH-US-EAST-2,CAR-05,10,746.72,503.96,0.0,7467.2,7467.2,5039.6,14.4,2413.2,2,2,0
ORD-00000498,2023-05-15,CUST-019487,PROD-1912,WH-APAC-SING-1,CAR-07,10,421.15,294.64,0.0,4211.5,4211.5,2946.4,8.08,1257.02,2,2,0
ORD-00000499,2024-05-12,CUST-007528,PROD-1823,WH-APAC-SING-1,CAR-02,5,643.99,441.52,0.15,3219.95,2736.96,2207.6,16.27,513.09,1,1,0
ORD-00000500,2024-08-18,CUST-013636,PROD-1635,WH-CA-EAST-1,CAR-01,4,1021.34,777.75,0.0,4085.36,4085.36,3111.0,42.12,932.24,1,1,0
ORD-00000501,2025-09-16,CUST-016552,PROD-0538,WH-EU-CENT-1,CAR-01,11,896.44,662.11,0.0,9860.84,9860.84,7283.21,18.27,2559.36,4,4,0
ORD-00000502,2023-12-19,CUST-007451,PROD-0115,WH-APAC-SYD-1,CAR-05,4,895.18,629.49,0.0,3580.72,3580.72,2517.96,4.6,1058.16,3,3,0
ORD-00000503,2024-01-14,CUST-023433,PROD-0936,WH-US-EAST-2,CAR-05,1,643.15,425.57,0.0,643.15,643.15,425.57,11.57,206.01,6,6,0
ORD-00000504,2024-07-07,CUST-023500,PROD-0185,WH-US-EAST-1,CAR-03,11,1365.44,874.02,0.0,15019.84,15019.84,9614.22,11.89,5393.73,7,7,0
ORD-00000505,2025-10-18,CUST-024413,PROD-0463,WH-US-EAST-2,CAR-01,5,932.42,659.5,0.0,4662.1,4662.1,3297.5,10.84,1353.76,2,2,0
ORD-00000506,2023-01-04,CUST-003292,PROD-0264,WH-APAC-SING-1,CAR-04,1,480.99,238.09,0.0,480.99,480.99,238.09,11.91,230.99,1,1,0
ORD-00000507,2025-07-14,CUST-013584,PROD-1456,WH-UK-MANC-1,CAR-05,10,1029.9,463.66,0.0,10299.0,10299.0,4636.6,14.14,5648.26,2,2,0
ORD-00000508,2025-11-27,CUST-001736,PROD-0422,WH-APAC-OSAK-1,CAR-08,4,454.96,317.11,0.0,1819.84,1819.84,1268.44,43.99,507.41,1,0,1
ORD-00000509,2024-11-26,CUST-012655,PROD-1972,WH-US-CENT-1,CAR-01,4,880.61,396.54,0.0,3522.44,3522.44,1586.16,21.83,1914.45,5,6,0
ORD-00000510,2023-01-02,CUST-007281,PROD-0389,WH-APAC-OSAK-1,CAR-03,4,767.46,409.9,0.0,3069.84,3069.84,1639.6,47.28,1382.96,6,6,0
ORD-00000511,2024-11-26,CUST-009741,PROD-1619,WH-APAC-TYO-1,CAR-02,4,1440.66,793.37,0.0,5762.64,5762.64,3173.48,21.73,2567.43,5,5,0
ORD-00000512,2025-10-10,CUST-006094,PROD-1114,WH-UK-MANC-1,CAR-02,6,1303.61,617.65,0.2,7821.66,6257.33,3705.9,43.27,2508.16,7,7,0
ORD-00000513,2025-06-15,CUST-017231,PROD-0951,WH-US-CENT-1,CAR-05,9,674.84,457.88,0.0,6073.56,6073.56,4120.92,39.07,1913.57,1,1,0
ORD-00000514,2024-04-10,CUST-016060,PROD-1104,WH-APAC-SING-1,CAR-06,10,112.95,52.96,0.0,1129.5,1129.5,529.6,8.49,591.41,2,2,0
ORD-00000515,2024-08-10,CUST-011145,PROD-1461,WH-UK-LOND-1,CAR-07,3,885.76,426.76,0.0,2657.28,2657.28,1280.28,39.51,1337.49,7,7,0
ORD-00000516,2025-11-15,CUST-015285,PROD-0377,WH-UK-LOND-1,CAR-02,5,447.66,238.87,0.05,2238.3,2126.39,1194.35,45.75,886.29,1,1,0
ORD-00000517,2025-12-24,CUST-000888,PROD-0640,WH-APAC-MELB-1,CAR-02,5,103.9,56.15,0.0,519.5,519.5,280.75,31.55,207.2,3,3,0
ORD-00000518,2024-03-05,CUST-022892,PROD-1985,WH-APAC-OSAK-1,CAR-01,4,508.18,412.59,0.05,2032.72,1931.08,1650.36,17.13,263.59,1,1,0
ORD-00000519,2025-10-24,CUST-009504,PROD-0619,WH-US-WEST-1,CAR-06,6,247.79,127.44,0.0,1486.74,1486.74,764.64,20.03,702.07,2,2,0
ORD-00000520,2024-11-26,CUST-020438,PROD-0100,WH-EU-WEST-1,CAR-05,10,1724.43,852.73,0.05,17244.3,16382.08,8527.3,6.75,7848.04,5,5,0
ORD-00000521,2025-10-01,CUST-003127,PROD-1137,WH-US-EAST-2,CAR-06,11,367.31,251.35,0.0,4040.41,4040.41,2764.85,22.94,1252.62,3,3,0
ORD-00000522,2023-11-11,CUST-011507,PROD-0326,WH-CA-EAST-1,CAR-02,4,1161.33,846.03,0.0,4645.32,4645.32,3384.12,23.37,1237.83,1,1,0
ORD-00000523,2024-11-05,CUST-004265,PROD-1249,WH-US-EAST-1,CAR-07,3,617.3,382.97,0.0,1851.9,1851.9,1148.91,19.78,683.21,2,3,0
ORD-00000524,2024-04-20,CUST-001818,PROD-0626,WH-US-EAST-2,CAR-08,9,555.1,440.08,0.2,4995.9,3996.72,3960.72,37.22,-1.22,3,4,0
ORD-00000525,2024-03-27,CUST-003181,PROD-1183,WH-EU-CENT-1,CAR-05,1,691.75,559.21,0.15,691.75,587.99,559.21,41.07,-12.29,6,6,0
ORD-00000526,2024-06-28,CUST-021405,PROD-0439,WH-US-EAST-2,CAR-04,6,589.1,383.8,0.0,3534.6,3534.6,2302.8,23.88,1207.92,3,4,0
ORD-00000527,2024-07-27,CUST-019328,PROD-1265,WH-CA-EAST-1,CAR-02,9,1031.35,658.21,0.0,9282.15,9282.15,5923.89,21.32,3336.94,5,5,0
ORD-00000528,2025-02-03,CUST-006180,PROD-1668,WH-US-CENT-1,CAR-04,11,53.94,29.88,0.0,593.34,593.34,328.68,14.39,250.27,3,3,0
ORD-00000529,2024-06-29,CUST-023252,PROD-0996,WH-APAC-SYD-1,CAR-02,5,423.78,238.63,0.0,2118.9,2118.9,1193.15,40.18,885.57,2,2,0
ORD-00000530,2024-01-04,CUST-003937,PROD-1374,WH-APAC-TYO-1,CAR-02,8,333.07,172.43,0.05,2664.56,2531.33,1379.44,13.28,1138.61,7,7,0
ORD-00000531,2023-02-09,CUST-013652,PROD-1527,WH-APAC-TYO-1,CAR-05,11,1085.55,759.02,0.0,11941.05,11941.05,8349.22,29.03,3562.8,1,1,0
ORD-00000532,2024-04-12,CUST-015491,PROD-0169,WH-APAC-SING-1,CAR-05,6,1135.0,909.7,0.15,6810.0,5788.5,5458.2,41.06,289.24,3,3,0
ORD-00000533,2025-11-10,CUST-006203,PROD-1909,WH-APAC-MELB-1,CAR-04,8,460.72,355.72,0.0,3685.76,3685.76,2845.76,24.71,815.29,6,6,0
ORD-00000534,2024-10-16,CUST-021995,PROD-1793,WH-APAC-OSAK-1,CAR-03,10,503.42,321.33,0.0,5034.2,5034.2,3213.3,44.11,1776.79,7,8,0
ORD-00000535,2025-01-28,CUST-020127,PROD-0534,WH-APAC-MELB-1,CAR-03,5,161.72,121.79,0.0,808.6,808.6,608.95,40.94,158.71,6,6,0
ORD-00000536,2025-12-05,CUST-009955,PROD-1405,WH-APAC-SYD-1,CAR-08,7,1265.28,842.8,0.0,8856.96,8856.96,5899.6,12.55,2944.81,3,4,0
ORD-00000537,2023-04-01,CUST-019242,PROD-0102,WH-CA-EAST-1,CAR-06,7,1442.31,763.27,0.0,10096.17,10096.17,5342.89,15.53,4737.75,6,6,0
ORD-00000538,2024-08-05,CUST-003897,PROD-0779,WH-APAC-MELB-1,CAR-03,3,356.25,212.86,0.15,1068.75,908.44,638.58,21.35,248.51,7,8,0
ORD-00000539,2023-12-05,CUST-010798,PROD-1482,WH-APAC-OSAK-1,CAR-06,8,953.57,591.5,0.0,7628.56,7628.56,4732.0,18.0,2878.56,1,1,0
ORD-00000540,2024-10-16,CUST-005488,PROD-0809,WH-US-WEST-2,CAR-08,10,60.95,48.52,0.1,609.5,548.55,485.2,19.47,43.88,3,2,1
ORD-00000541,2024-08-08,CUST-021467,PROD-1054,WH-UK-LOND-1,CAR-03,7,26.83,21.43,0.1,187.81,169.03,150.01,20.35,-1.33,3,3,0
ORD-00000542,2024-09-02,CUST-008536,PROD-1033,WH-US-CENT-1,CAR-01,5,1278.83,625.22,0.1,6394.15,5754.74,3126.1,42.51,2586.12,4,4,0
ORD-00000543,2025-12-07,CUST-023864,PROD-1329,WH-EU-CENT-1,CAR-08,10,1026.16,604.92,0.0,10261.6,10261.6,6049.2,10.54,4201.86,6,7,0
ORD-00000544,2024-03-28,CUST-006066,PROD-0798,WH-APAC-TYO-1,CAR-06,6,1368.82,779.27,0.1,8212.92,7391.63,4675.62,20.97,2695.04,5,5,0
ORD-00000545,2025-03-23,CUST-001238,PROD-1553,WH-UK-MANC-1,CAR-05,4,1440.06,748.83,0.0,5760.24,5760.24,2995.32,25.18,2739.74,4,4,0
ORD-00000546,2024-04-02,CUST-019614,PROD-0050,WH-APAC-TYO-1,CAR-01,8,1363.27,791.79,0.0,10906.16,10906.16,6334.32,9.61,4562.23,2,2,0
ORD-00000547,2024-02-14,CUST-020762,PROD-1680,WH-APAC-MELB-1,CAR-01,7,409.68,321.19,0.0,2867.76,2867.76,2248.33,24.46,594.97,6,7,0
ORD-00000548,2024-11-06,CUST-015410,PROD-1524,WH-APAC-MELB-1,CAR-01,2,1027.58,549.14,0.0,2055.16,2055.16,1098.28,7.62,949.26,7,6,1
ORD-00000549,2024-10-11,CUST-002178,PROD-1158,WH-UK-MANC-1,CAR-04,5,348.48,262.79,0.1,1742.4,1568.16,1313.95,21.82,232.39,2,2,0
ORD-00000550,2023-10-10,CUST-021866,PROD-0331,WH-US-WEST-2,CAR-07,3,229.46,165.69,0.1,688.38,619.54,497.07,46.05,76.42,1,1,0
ORD-00000551,2023-09-18,CUST-019308,PROD-0096,WH-EU-WEST-1,CAR-04,6,344.92,164.32,0.05,2069.52,1966.04,985.92,12.97,967.15,2,3,0
ORD-00000552,2025-01-30,CUST-022791,PROD-0786,WH-APAC-OSAK-1,CAR-03,8,391.81,270.19,0.1,3134.48,2821.03,2161.52,20.7,638.81,3,3,0
ORD-00000553,2025-09-29,CUST-021659,PROD-1533,WH-US-EAST-1,CAR-03,3,499.92,396.79,0.05,1499.76,1424.77,1190.37,29.72,204.68,5,5,0
ORD-00000554,2025-02-17,CUST-013648,PROD-0836,WH-APAC-TYO-1,CAR-05,10,1291.29,603.16,0.05,12912.9,12267.26,6031.6,22.04,6213.62,1,1,0
ORD-00000555,2025-01-04,CUST-017713,PROD-1637,WH-UK-MANC-1,CAR-04,9,551.17,427.1,0.0,4960.53,4960.53,3843.9,10.29,1106.34,5,4,1
ORD-00000556,2025-05-20,CUST-021752,PROD-1587,WH-US-WEST-2,CAR-01,7,803.22,606.75,0.0,5622.54,5622.54,4247.25,10.16,1365.13,5,5,0
ORD-00000557,2024-11-18,CUST-009429,PROD-1196,WH-CA-EAST-1,CAR-06,9,1215.86,810.49,0.05,10942.74,10395.6,7294.41,12.4,3088.79,5,5,0
ORD-00000558,2023-01-23,CUST-001434,PROD-0026,WH-APAC-SING-1,CAR-01,9,1023.2,640.01,0.1,9208.8,8287.92,5760.09,34.72,2493.11,5,5,0
ORD-00000559,2023-07-25,CUST-010194,PROD-0944,WH-US-WEST-2,CAR-07,2,647.81,400.41,0.05,1295.62,1230.84,800.82,42.56,387.46,4,4,0
ORD-00000560,2023-05-16,CUST-001857,PROD-0134,WH-CA-EAST-1,CAR-06,11,1702.5,797.11,0.0,18727.5,18727.5,8768.21,44.76,9914.53,4,4,0
ORD-00000561,2023-08-05,CUST-017917,PROD-1688,WH-APAC-SYD-1,CAR-03,2,167.32,117.01,0.15,334.64,284.44,234.02,9.74,40.68,6,6,0
ORD-00000562,2025-08-21,CUST-006862,PROD-0531,WH-APAC-OSAK-1,CAR-03,11,722.52,460.17,0.0,7947.72,7947.72,5061.87,15.53,2870.32,4,5,0
ORD-00000563,2025-12-02,CUST-013030,PROD-0874,WH-APAC-SYD-1,CAR-07,2,1453.7,737.9,0.0,2907.4,2907.4,1475.8,35.77,1395.83,2,2,0
ORD-00000564,2024-06-01,CUST-010063,PROD-1434,WH-US-WEST-1,CAR-08,5,1374.1,814.98,0.05,6870.5,6526.98,4074.9,28.61,2423.46,5,5,0
ORD-00000565,2023-09-21,CUST-004964,PROD-0688,WH-UK-MANC-1,CAR-04,10,62.93,50.35,0.0,629.3,629.3,503.5,38.16,87.64,1,2,0
ORD-00000566,2024-08-15,CUST-017880,PROD-1365,WH-US-WEST-2,CAR-04,7,1635.51,830.84,0.0,11448.57,11448.57,5815.88,43.6,5589.09,1,1,0
ORD-00000567,2024-09-23,CUST-011068,PROD-0305,WH-UK-LOND-1,CAR-07,11,408.91,207.03,0.0,4498.01,4498.01,2277.33,29.33,2191.35,5,4,1
ORD-00000568,2023-03-12,CUST-024665,PROD-0907,WH-UK-MANC-1,CAR-03,4,1192.44,638.79,0.1,4769.76,4292.78,2555.16,26.26,1711.36,5,5,0
ORD-00000569,2023-09-12,CUST-018313,PROD-1605,WH-UK-LOND-1,CAR-05,11,692.54,551.4,0.0,7617.94,7617.94,6065.4,28.45,1524.09,1,1,0
ORD-00000570,2024-10-08,CUST-011429,PROD-1635,WH-US-CENT-1,CAR-06,5,1021.34,777.75,0.05,5106.7,4851.36,3888.75,19.01,943.6,2,3,0
ORD-00000571,2025-05-08,CUST-022278,PROD-1512,WH-EU-CENT-1,CAR-06,9,653.99,347.14,0.05,5885.91,5591.61,3124.26,36.06,2431.29,6,6,0
ORD-00000572,2025-05-26,CUST-024109,PROD-1344,WH-US-WEST-2,CAR-02,5,71.42,32.54,0.05,357.1,339.24,162.7,45.01,131.54,5,6,0
ORD-00000573,2024-07-20,CUST-018252,PROD-0216,WH-EU-WEST-1,CAR-04,11,367.51,262.18,0.05,4042.61,3840.48,2883.98,13.98,942.52,7,7,0
ORD-00000574,2023-03-12,CUST-015835,PROD-0073,WH-US-WEST-2,CAR-02,10,392.58,223.34,0.0,3925.8,3925.8,2233.4,10.65,1681.75,2,2,0
ORD-00000575,2024-10-16,CUST-008135,PROD-0569,WH-US-WEST-2,CAR-07,1,240.64,164.62,0.0,240.64,240.64,164.62,17.84,58.18,4,5,0
ORD-00000576,2023-02-11,CUST-012188,PROD-1722,WH-APAC-TYO-1,CAR-01,9,531.47,337.38,0.05,4783.23,4544.07,3036.42,22.06,1485.59,3,3,0
ORD-00000577,2024-10-18,CUST-015028,PROD-0630,WH-US-EAST-1,CAR-07,8,774.63,626.91,0.05,6197.04,5887.19,5015.28,35.44,836.47,6,6,0
ORD-00000578,2025-03-25,CUST-013260,PROD-1071,WH-US-EAST-2,CAR-06,10,884.19,597.36,0.1,8841.9,7957.71,5973.6,37.86,1946.25,6,6,0
ORD-00000579,2023-11-24,CUST-012906,PROD-1756,WH-APAC-SYD-1,CAR-06,10,1317.81,777.11,0.15,13178.1,11201.38,7771.1,13.13,3417.15,5,5,0
ORD-00000580,2025-09-30,CUST-020290,PROD-1908,WH-EU-WEST-1,CAR-06,7,360.15,253.58,0.1,2521.05,2268.94,1775.06,47.12,446.76,2,2,0
ORD-00000581,2024-08-17,CUST-021914,PROD-0503,WH-UK-MANC-1,CAR-06,1,1263.76,722.24,0.1,1263.76,1137.38,722.24,38.64,376.5,3,3,0
ORD-00000582,2023-07-03,CUST-013972,PROD-1047,WH-EU-WEST-1,CAR-04,10,176.77,144.03,0.05,1767.7,1679.32,1440.3,24.1,214.92,5,5,0
ORD-00000583,2025-02-14,CUST-005081,PROD-1845,WH-EU-CENT-1,CAR-02,4,227.3,144.13,0.0,909.2,909.2,576.52,47.55,285.13,5,5,0
ORD-00000584,2023-03-19,CUST-020158,PROD-0529,WH-APAC-SING-1,CAR-04,10,466.21,245.46,0.0,4662.1,4662.1,2454.6,23.91,2183.59,6,6,0
ORD-00000585,2025-02-14,CUST-016853,PROD-0671,WH-US-CENT-1,CAR-05,4,1313.2,747.21,0.0,5252.8,5252.8,2988.84,28.24,2235.72,5,5,0
ORD-00000586,2024-10-05,CUST-008629,PROD-1630,WH-EU-CENT-1,CAR-01,3,1123.33,568.07,0.05,3369.99,3201.49,1704.21,38.07,1459.21,1,0,1
ORD-00000587,2023-05-30,CUST-008166,PROD-0733,WH-US-EAST-1,CAR-07,11,209.29,167.64,0.0,2302.19,2302.19,1844.04,18.03,440.12,7,8,0
ORD-00000588,2025-06-03,CUST-021002,PROD-0538,WH-US-WEST-1,CAR-07,7,896.44,662.11,0.0,6275.08,6275.08,4634.77,41.39,1598.92,3,2,1
ORD-00000589,2024-01-28,CUST-001686,PROD-0443,WH-EU-CENT-1,CAR-06,4,717.38,556.83,0.0,2869.52,2869.52,2227.32,15.51,626.69,4,4,0
ORD-00000590,2024-11-03,CUST-016669,PROD-0954,WH-APAC-SING-1,CAR-03,8,1190.98,742.34,0.0,9527.84,9527.84,5938.72,21.89,3567.23,4,4,0
ORD-00000591,2023-02-06,CUST-004933,PROD-0277,WH-US-EAST-2,CAR-06,3,894.18,480.89,0.0,2682.54,2682.54,1442.67,13.74,1226.13,1,1,0
ORD-00000592,2023-11-30,CUST-021896,PROD-0417,WH-APAC-TYO-1,CAR-05,4,1177.91,788.02,0.0,4711.64,4711.64,3152.08,24.53,1535.03,3,3,0
ORD-00000593,2024-09-02,CUST-018869,PROD-1251,WH-US-EAST-2,CAR-03,10,194.82,119.62,0.0,1948.2,1948.2,1196.2,23.9,728.1,5,5,0
ORD-00000594,2025-08-27,CUST-001163,PROD-0510,WH-APAC-SYD-1,CAR-06,7,735.92,558.56,0.15,5151.44,4378.72,3909.92,35.0,433.8,3,2,1
ORD-00000595,2023-09-11,CUST-015002,PROD-1755,WH-US-EAST-1,CAR-08,8,333.43,265.98,0.05,2667.44,2534.07,2127.84,47.08,359.15,2,2,0
ORD-00000596,2024-07-28,CUST-009630,PROD-0608,WH-EU-WEST-1,CAR-06,3,437.54,329.29,0.0,1312.62,1312.62,987.87,29.31,295.44,1,1,0
ORD-00000597,2025-07-24,CUST-001572,PROD-1801,WH-US-EAST-1,CAR-03,1,174.68,78.87,0.0,174.68,174.68,78.87,17.51,78.3,1,1,0
ORD-00000598,2023-09-12,CUST-020394,PROD-0096,WH-EU-CENT-1,CAR-04,1,344.92,164.32,0.0,344.92,344.92,164.32,25.02,155.58,6,6,0
ORD-00000599,2025-04-18,CUST-024248,PROD-0780,WH-EU-CENT-1,CAR-08,10,574.39,465.2,0.0,5743.9,5743.9,4652.0,26.55,1065.35,5,5,0
ORD-00000600,2023-06-05,CUST-013065,PROD-0648,WH-US-EAST-2,CAR-03,1,992.88,670.69,0.2,992.88,794.3,670.69,13.59,110.02,2,2,0
ORD-00000601,2025-05-26,CUST-021127,PROD-1557,WH-US-WEST-1,CAR-05,6,996.37,803.87,0.05,5978.22,5679.31,4823.22,32.99,823.1,1,2,0
ORD-00000602,2025-09-27,CUST-014866,PROD-1380,WH-US-CENT-1,CAR-03,1,373.03,218.63,0.05,373.03,354.38,218.63,18.56,117.19,3,3,0
ORD-00000603,2023-06-24,CUST-014473,PROD-0860,WH-CA-EAST-1,CAR-06,1,932.39,428.34,0.15,932.39,792.53,428.34,27.47,336.72,7,7,0
ORD-00000604,2023-12-18,CUST-000390,PROD-1680,WH-US-EAST-2,CAR-07,3,409.68,321.19,0.0,1229.04,1229.04,963.57,21.49,243.98,2,3,0
ORD-00000605,2024-05-12,CUST-010438,PROD-1052,WH-APAC-SYD-1,CAR-08,7,1061.36,498.31,0.1,7429.52,6686.57,3488.17,25.09,3173.31,7,7,0
ORD-00000606,2024-04-08,CUST-000557,PROD-0858,WH-APAC-OSAK-1,CAR-08,6,79.11,59.59,0.1,474.66,427.19,357.54,9.57,60.08,5,5,0
ORD-00000607,2024-10-31,CUST-006550,PROD-0113,WH-EU-WEST-1,CAR-03,11,651.44,426.69,0.05,7165.84,6807.55,4693.59,31.55,2082.41,5,5,0
ORD-00000608,2025-04-09,CUST-002001,PROD-1466,WH-APAC-TYO-1,CAR-08,8,1053.09,650.81,0.05,8424.72,8003.48,5206.48,29.33,2767.67,5,5,0
ORD-00000609,2025-09-07,CUST-024143,PROD-1946,WH-US-EAST-2,CAR-02,4,61.72,47.7,0.0,246.88,246.88,190.8,46.07,10.01,7,6,1
ORD-00000610,2025-07-08,CUST-018889,PROD-1564,WH-EU-WEST-1,CAR-04,2,187.01,122.49,0.0,374.02,374.02,244.98,38.25,90.79,1,2,0
ORD-00000611,2023-07-13,CUST-003526,PROD-0223,WH-APAC-SYD-1,CAR-01,7,650.18,496.61,0.0,4551.26,4551.26,3476.27,43.18,1031.81,3,3,0
ORD-00000612,2023-06-16,CUST-009303,PROD-0922,WH-CA-EAST-1,CAR-02,4,2052.55,931.24,0.1,8210.2,7389.18,3724.96,9.71,3654.51,1,2,0
ORD-00000613,2025-10-08,CUST-006143,PROD-1465,WH-EU-WEST-1,CAR-02,2,1161.25,870.94,0.0,2322.5,2322.5,1741.88,41.2,539.42,2,3,0
ORD-00000614,2024-08-06,CUST-005329,PROD-1508,WH-APAC-TYO-1,CAR-04,4,639.76,433.69,0.2,2559.04,2047.23,1734.76,13.68,298.79,5,4,1
ORD-00000615,2024-05-10,CUST-012512,PROD-0439,WH-APAC-MELB-1,CAR-06,3,589.1,383.8,0.0,1767.3,1767.3,1151.4,20.46,595.44,7,6,1
ORD-00000616,2025-02-15,CUST-001277,PROD-1856,WH-APAC-OSAK-1,CAR-03,2,1207.65,829.05,0.0,2415.3,2415.3,1658.1,47.16,710.04,1,1,0
ORD-00000617,2025-07-22,CUST-007328,PROD-0950,WH-US-CENT-1,CAR-07,9,1204.61,788.9,0.0,10841.49,10841.49,7100.1,36.94,3704.45,4,4,0
ORD-00000618,2024-05-07,CUST-019651,PROD-1497,WH-APAC-SING-1,CAR-07,4,329.26,171.94,0.1,1317.04,1185.34,687.76,7.43,490.15,7,7,0
ORD-00000619,2023-10-10,CUST-009593,PROD-1517,WH-US-WEST-2,CAR-08,9,464.5,228.95,0.0,4180.5,4180.5,2060.55,24.98,2094.97,7,7,0
ORD-00000620,2025-12-22,CUST-006288,PROD-1914,WH-APAC-SYD-1,CAR-08,10,568.09,268.08,0.15,5680.9,4828.77,2680.8,46.26,2101.71,5,5,0
ORD-00000621,2023-11-07,CUST-004226,PROD-1238,WH-APAC-SING-1,CAR-01,8,299.43,188.67,0.1,2395.44,2155.9,1509.36,17.17,629.37,6,6,0
ORD-00000622,2024-08-04,CUST-018420,PROD-0771,WH-UK-MANC-1,CAR-01,9,1865.11,901.41,0.0,16785.99,16785.99,8112.69,30.74,8642.56,1,1,0
ORD-00000623,2025-05-16,CUST-013763,PROD-1681,WH-APAC-TYO-1,CAR-06,6,804.63,438.12,0.0,4827.78,4827.78,2628.72,25.52,2173.54,5,5,0
ORD-00000624,2025-10-04,CUST-005811,PROD-0289,WH-APAC-SING-1,CAR-02,5,1281.86,891.28,0.0,6409.3,6409.3,4456.4,30.42,1922.48,7,7,0
ORD-00000625,2024-05-16,CUST-015793,PROD-0973,WH-APAC-TYO-1,CAR-07,5,549.23,338.6,0.0,2746.15,2746.15,1693.0,31.9,1021.25,6,6,0
ORD-00000626,2023-08-11,CUST-009649,PROD-0395,WH-APAC-SYD-1,CAR-08,10,640.06,397.99,0.05,6400.6,6080.57,3979.9,7.43,2093.24,6,6,0
ORD-00000627,2024-11-21,CUST-017737,PROD-0338,WH-APAC-OSAK-1,CAR-07,4,552.48,451.49,0.05,2209.92,2099.42,1805.96,21.46,272.0,5,5,0
ORD-00000628,2024-01-02,CUST-009124,PROD-0934,WH-US-WEST-2,CAR-03,7,57.86,30.26,0.05,405.02,384.77,211.82,27.71,145.24,6,6,0
ORD-00000629,2024-03-09,CUST-022026,PROD-0091,WH-APAC-SING-1,CAR-02,9,1063.56,795.33,0.0,9572.04,9572.04,7157.97,13.81,2400.26,7,7,0
ORD-00000630,2025-09-06,CUST-010077,PROD-0604,WH-APAC-SING-1,CAR-04,3,867.54,420.67,0.0,2602.62,2602.62,1262.01,18.74,1321.87,1,1,0
ORD-00000631,2024-07-28,CUST-002948,PROD-0410,WH-UK-LOND-1,CAR-03,7,1077.78,857.48,0.1,7544.46,6790.01,6002.36,42.47,745.18,1,1,0
ORD-00000632,2024-07-27,CUST-020565,PROD-0560,WH-EU-CENT-1,CAR-04,4,52.85,31.37,0.0,211.4,211.4,125.48,25.97,59.95,7,7,0
ORD-00000633,2025-12-18,CUST-004965,PROD-0444,WH-APAC-OSAK-1,CAR-05,1,564.73,323.08,0.0,564.73,564.73,323.08,14.02,227.63,3,3,0
ORD-00000634,2025-11-10,CUST-006146,PROD-0583,WH-US-CENT-1,CAR-05,6,72.56,40.03,0.0,435.36,435.36,240.18,33.31,161.87,7,7,0
ORD-00000635,2024-03-03,CUST-012495,PROD-0649,WH-US-WEST-1,CAR-03,2,430.31,338.78,0.0,860.62,860.62,677.56,11.04,172.02,1,0,1
ORD-00000636,2024-09-05,CUST-008604,PROD-0593,WH-APAC-SING-1,CAR-05,3,665.06,382.54,0.05,1995.18,1895.42,1147.62,16.34,731.46,4,5,0
ORD-00000637,2024-10-29,CUST-014937,PROD-0237,WH-US-CENT-1,CAR-08,11,339.41,208.09,0.15,3733.51,3173.48,2288.99,21.7,862.79,2,1,1
ORD-00000638,2024-04-04,CUST-016505,PROD-1032,WH-UK-MANC-1,CAR-04,11,836.9,595.87,0.15,9205.9,7825.02,6554.57,10.74,1259.7,4,3,1
ORD-00000639,2024-01-10,CUST-017865,PROD-1181,WH-UK-MANC-1,CAR-02,11,1609.44,734.87,0.2,17703.84,14163.07,8083.57,12.17,6067.33,3,3,0
ORD-00000640,2025-11-05,CUST-013854,PROD-0895,WH-APAC-SYD-1,CAR-02,3,626.69,383.47,0.15,1880.07,1598.06,1150.41,15.83,431.82,4,4,0
ORD-00000641,2025-06-21,CUST-008201,PROD-0341,WH-UK-LOND-1,CAR-08,7,239.33,189.6,0.05,1675.31,1591.54,1327.2,42.16,222.18,5,5,0
ORD-00000642,2023-04-02,CUST-007809,PROD-1487,WH-UK-LOND-1,CAR-07,9,1453.54,887.82,0.05,13081.86,12427.77,7990.38,15.81,4421.58,4,3,1
ORD-00000643,2024-08-27,CUST-020792,PROD-1573,WH-UK-LOND-1,CAR-04,9,758.1,482.0,0.15,6822.9,5799.46,4338.0,30.65,1430.82,2,3,0
ORD-00000644,2023-12-05,CUST-024365,PROD-1519,WH-UK-LOND-1,CAR-02,7,316.11,248.27,0.05,2212.77,2102.13,1737.89,7.28,356.96,1,1,0
ORD-00000645,2024-12-13,CUST-016884,PROD-1656,WH-APAC-MELB-1,CAR-06,7,331.24,243.33,0.0,2318.68,2318.68,1703.31,30.73,584.64,5,5,0
ORD-00000646,2025-09-14,CUST-023437,PROD-0973,WH-UK-LOND-1,CAR-06,3,549.23,338.6,0.0,1647.69,1647.69,1015.8,17.97,613.92,6,6,0
ORD-00000647,2023-12-16,CUST-006030,PROD-0331,WH-EU-WEST-1,CAR-01,8,229.46,165.69,0.1,1835.68,1652.11,1325.52,29.54,297.05,1,1,0
ORD-00000648,2024-12-18,CUST-010890,PROD-1179,WH-EU-CENT-1,CAR-08,8,428.82,319.0,0.05,3430.56,3259.03,2552.0,24.44,682.59,3,3,0
ORD-00000649,2024-11-15,CUST-004241,PROD-1501,WH-CA-EAST-1,CAR-02,7,515.97,349.88,0.2,3611.79,2889.43,2449.16,26.41,413.86,2,2,0
ORD-00000650,2024-03-27,CUST-004497,PROD-1823,WH-US-EAST-2,CAR-08,6,643.99,441.52,0.0,3863.94,3863.94,2649.12,10.72,1204.1,1,1,0
ORD-00000651,2023-08-18,CUST-002975,PROD-0098,WH-APAC-SYD-1,CAR-01,2,1150.72,913.44,0.15,2301.44,1956.22,1826.88,22.22,107.12,3,3,0
ORD-00000652,2023-06-01,CUST-022065,PROD-1965,WH-APAC-MELB-1,CAR-03,2,151.38,104.09,0.1,302.76,272.48,208.18,35.47,28.83,6,6,0
ORD-00000653,2025-12-17,CUST-000755,PROD-1393,WH-US-CENT-1,CAR-06,1,1328.73,644.7,0.15,1328.73,1129.42,644.7,25.58,459.14,1,1,0
ORD-00000654,2024-07-26,CUST-010340,PROD-1033,WH-UK-MANC-1,CAR-03,3,1278.83,625.22,0.0,3836.49,3836.49,1875.66,9.67,1951.16,4,4,0
ORD-00000655,2024-12-12,CUST-021707,PROD-1836,WH-EU-WEST-1,CAR-04,3,750.77,527.64,0.1,2252.31,2027.08,1582.92,19.98,424.18,4,4,0
ORD-00000656,2025-10-21,CUST-015085,PROD-1796,WH-APAC-SYD-1,CAR-02,2,1855.63,883.65,0.2,3711.26,2969.01,1767.3,24.1,1177.61,3,3,0
ORD-00000657,2023-08-18,CUST-013074,PROD-1142,WH-APAC-SING-1,CAR-05,11,177.96,127.81,0.0,1957.56,1957.56,1405.91,41.6,510.05,5,4,1
ORD-00000658,2023-06-03,CUST-006091,PROD-0658,WH-US-CENT-1,CAR-03,4,1690.6,809.46,0.05,6762.4,6424.28,3237.84,20.49,3165.95,2,2,0
ORD-00000659,2024-01-28,CUST-018699,PROD-1484,WH-APAC-MELB-1,CAR-04,3,594.18,451.46,0.1,1782.54,1604.29,1354.38,29.45,220.46,4,4,0
ORD-00000660,2025-01-07,CUST-007881,PROD-1971,WH-US-EAST-2,CAR-07,1,1957.29,927.56,0.1,1957.29,1761.56,927.56,39.72,794.28,7,6,1
ORD-00000661,2023-02-16,CUST-012794,PROD-0194,WH-US-EAST-2,CAR-08,2,909.84,444.0,0.1,1819.68,1637.71,888.0,28.38,721.33,5,4,1
ORD-00000662,2025-03-27,CUST-012249,PROD-0153,WH-US-EAST-2,CAR-08,11,1033.67,773.29,0.1,11370.37,10233.33,8506.19,26.83,1700.31,7,7,0
ORD-00000663,2025-06-13,CUST-018682,PROD-0368,WH-APAC-SYD-1,CAR-01,9,852.34,621.87,0.1,7671.06,6903.95,5596.83,34.78,1272.34,3,3,0
ORD-00000664,2023-01-19,CUST-004535,PROD-1438,WH-UK-LOND-1,CAR-06,2,33.95,17.29,0.05,67.9,64.51,34.58,21.46,8.47,2,2,0
ORD-00000665,2025-09-01,CUST-003680,PROD-0362,WH-US-WEST-2,CAR-01,1,1006.07,554.95,0.0,1006.07,1006.07,554.95,20.36,430.76,4,3,1
ORD-00000666,2023-12-29,CUST-016771,PROD-0612,WH-APAC-SING-1,CAR-08,8,543.88,316.7,0.0,4351.04,4351.04,2533.6,41.59,1775.85,5,5,0
ORD-00000667,2023-05-14,CUST-017870,PROD-0094,WH-APAC-TYO-1,CAR-07,4,502.26,384.58,0.1,2009.04,1808.14,1538.32,31.91,237.91,5,5,0
ORD-00000668,2023-01-05,CUST-018928,PROD-0964,WH-US-WEST-2,CAR-04,2,996.86,794.4,0.0,1993.72,1993.72,1588.8,15.05,389.87,3,3,0
ORD-00000669,2023-02-05,CUST-021096,PROD-1907,WH-US-WEST-1,CAR-07,4,403.16,317.73,0.0,1612.64,1612.64,1270.92,20.6,321.12,5,5,0
ORD-00000670,2025-08-17,CUST-023513,PROD-1671,WH-US-WEST-2,CAR-01,2,714.84,358.85,0.1,1429.68,1286.71,717.7,42.29,526.72,3,3,0
ORD-00000671,2025-02-19,CUST-006116,PROD-1404,WH-UK-LOND-1,CAR-06,1,848.31,464.28,0.0,848.31,848.31,464.28,6.54,377.49,3,3,0
ORD-00000672,2023-11-20,CUST-008329,PROD-0840,WH-APAC-MELB-1,CAR-04,5,358.36,291.2,0.15,1791.8,1523.03,1456.0,9.02,58.01,4,4,0
ORD-00000673,2025-06-14,CUST-012461,PROD-1010,WH-US-WEST-2,CAR-02,5,915.59,720.48,0.0,4577.95,4577.95,3602.4,24.89,950.66,3,4,0
ORD-00000674,2025-12-22,CUST-002050,PROD-0860,WH-APAC-MELB-1,CAR-05,5,932.39,428.34,0.1,4661.95,4195.76,2141.7,25.76,2028.3,3,3,0
ORD-00000675,2023-03-29,CUST-005239,PROD-1016,WH-US-CENT-1,CAR-01,7,1591.75,845.22,0.0,11142.25,11142.25,5916.54,24.45,5201.26,4,4,0
ORD-00000676,2025-08-11,CUST-000857,PROD-0571,WH-APAC-TYO-1,CAR-02,6,1134.5,877.08,0.0,6807.0,6807.0,5262.48,31.61,1512.91,2,2,0
ORD-00000677,2023-10-12,CUST-017528,PROD-1972,WH-EU-CENT-1,CAR-04,10,880.61,396.54,0.15,8806.1,7485.18,3965.4,23.0,3496.79,3,3,0
ORD-00000678,2024-03-07,CUST-002838,PROD-1432,WH-EU-CENT-1,CAR-07,10,455.18,218.03,0.05,4551.8,4324.21,2180.3,45.35,2098.56,3,3,0
ORD-00000679,2023-09-28,CUST-024725,PROD-0562,WH-APAC-SING-1,CAR-05,8,466.38,337.24,0.1,3731.04,3357.94,2697.92,28.26,631.76,3,3,0
ORD-00000680,2025-11-01,CUST-006986,PROD-0589,WH-UK-MANC-1,CAR-03,1,1046.87,609.59,0.0,1046.87,1046.87,609.59,22.11,415.17,5,5,0
ORD-00000681,2023-10-02,CUST-002267,PROD-1912,WH-EU-WEST-1,CAR-07,10,421.15,294.64,0.0,4211.5,4211.5,2946.4,12.09,1253.01,6,6,0
ORD-00000682,2023-11-26,CUST-022711,PROD-1893,WH-US-WEST-2,CAR-04,7,1160.89,628.97,0.0,8126.23,8126.23,4402.79,25.29,3698.15,6,6,0
ORD-00000683,2023-10-29,CUST-008762,PROD-1457,WH-US-EAST-2,CAR-05,5,320.43,244.78,0.05,1602.15,1522.04,1223.9,10.07,288.07,7,7,0
ORD-00000684,2025-10-25,CUST-016582,PROD-0694,WH-US-WEST-1,CAR-04,10,77.13,46.03,0.05,771.3,732.73,460.3,13.86,258.57,5,6,0
ORD-00000685,2023-11-21,CUST-003446,PROD-0010,WH-APAC-SING-1,CAR-02,4,418.14,229.31,0.0,1672.56,1672.56,917.24,33.28,722.04,4,4,0
ORD-00000686,2024-07-20,CUST-021947,PROD-0250,WH-APAC-OSAK-1,CAR-05,2,246.14,165.75,0.0,492.28,492.28,331.5,34.22,126.56,6,6,0
ORD-00000687,2024-06-07,CUST-010698,PROD-1002,WH-UK-LOND-1,CAR-02,1,231.12,183.79,0.0,231.12,231.12,183.79,10.66,36.67,4,4,0
ORD-00000688,2024-03-17,CUST-010949,PROD-0117,WH-CA-EAST-1,CAR-01,5,1115.67,730.43,0.0,5578.35,5578.35,3652.15,10.06,1916.14,6,6,0
ORD-00000689,2023-01-09,CUST-013541,PROD-1786,WH-US-EAST-2,CAR-02,6,1039.61,600.48,0.0,6237.66,6237.66,3602.88,41.24,2593.54,3,3,0
ORD-00000690,2024-08-06,CUST-022888,PROD-1677,WH-EU-WEST-1,CAR-03,3,825.26,508.36,0.05,2475.78,2351.99,1525.08,27.91,799.0,7,7,0
ORD-00000691,2025-02-12,CUST-021889,PROD-0631,WH-CA-EAST-1,CAR-03,7,1133.98,820.21,0.0,7937.86,7937.86,5741.47,17.38,2179.01,4,5,0
ORD-00000692,2025-04-27,CUST-023650,PROD-0732,WH-CA-EAST-1,CAR-04,3,1322.7,695.87,0.1,3968.1,3571.29,2087.61,39.01,1444.67,2,1,1
ORD-00000693,2025-06-05,CUST-023856,PROD-0629,WH-UK-LOND-1,CAR-05,6,966.65,467.18,0.0,5799.9,5799.9,2803.08,21.65,2975.17,1,1,0
ORD-00000694,2024-09-03,CUST-008904,PROD-1470,WH-APAC-MELB-1,CAR-02,8,969.46,476.1,0.0,7755.68,7755.68,3808.8,10.61,3936.27,2,2,0
ORD-00000695,2025-04-17,CUST-009119,PROD-0881,WH-US-WEST-2,CAR-05,10,290.85,185.36,0.05,2908.5,2763.08,1853.6,46.28,863.19,7,8,0
ORD-00000696,2025-11-05,CUST-016331,PROD-1459,WH-CA-EAST-1,CAR-01,4,340.78,267.1,0.1,1363.12,1226.81,1068.4,43.05,115.36,4,4,0
ORD-00000697,2023-04-06,CUST-024784,PROD-1531,WH-US-EAST-1,CAR-05,9,775.27,519.82,0.0,6977.43,6977.43,4678.38,6.1,2292.95,1,0,1
ORD-00000698,2023-10-21,CUST-013915,PROD-1822,WH-EU-WEST-1,CAR-02,4,1106.13,902.71,0.0,4424.52,4424.52,3610.84,19.55,794.13,7,7,0
ORD-00000699,2023-10-13,CUST-005504,PROD-1929,WH-EU-WEST-1,CAR-01,2,624.56,344.88,0.1,1249.12,1124.21,689.76,11.74,422.71,4,4,0
ORD-00000700,2025-04-30,CUST-002353,PROD-1227,WH-APAC-SING-1,CAR-07,7,965.94,554.64,0.0,6761.58,6761.58,3882.48,28.36,2850.74,5,4,1
ORD-00000701,2023-01-07,CUST-019160,PROD-1889,WH-US-EAST-2,CAR-01,3,1388.32,850.21,0.0,4164.96,4164.96,2550.63,43.48,1570.85,4,4,0
ORD-00000702,2024-11-29,CUST-009184,PROD-1492,WH-US-CENT-1,CAR-02,2,38.48,31.08,0.05,76.96,73.11,62.16,29.11,-18.16,4,4,0
ORD-00000703,2024-07-06,CUST-022269,PROD-1887,WH-APAC-OSAK-1,CAR-05,5,588.95,347.66,0.0,2944.75,2944.75,1738.3,10.55,1195.9,5,5,0
ORD-00000704,2025-08-30,CUST-003427,PROD-1060,WH-APAC-SING-1,CAR-05,1,1212.96,801.04,0.15,1212.96,1031.02,801.04,14.6,215.38,3,3,0
ORD-00000705,2023-02-27,CUST-008317,PROD-1768,WH-UK-MANC-1,CAR-08,8,1123.12,793.15,0.0,8984.96,8984.96,6345.2,24.84,2614.92,4,4,0
ORD-00000706,2025-07-23,CUST-012719,PROD-1341,WH-EU-WEST-1,CAR-08,7,28.14,21.11,0.0,196.98,196.98,147.77,32.82,16.39,2,2,0
ORD-00000707,2025-03-06,CUST-017245,PROD-0683,WH-EU-CENT-1,CAR-04,4,1748.92,884.78,0.1,6995.68,6296.11,3539.12,22.1,2734.89,1,1,0
ORD-00000708,2025-07-28,CUST-008900,PROD-1524,WH-APAC-OSAK-1,CAR-04,9,1027.58,549.14,0.0,9248.22,9248.22,4942.26,6.04,4299.92,7,6,1
ORD-00000709,2023-12-10,CUST-001315,PROD-1823,WH-US-WEST-2,CAR-02,4,643.99,441.52,0.0,2575.96,2575.96,1766.08,37.54,772.34,6,6,0
ORD-00000710,2025-12-25,CUST-004555,PROD-0957,WH-APAC-TYO-1,CAR-03,9,573.65,373.96,0.1,5162.85,4646.56,3365.64,32.71,1248.21,1,1,0
ORD-00000711,2023-03-13,CUST-001058,PROD-1407,WH-APAC-OSAK-1,CAR-01,8,514.26,417.73,0.1,4114.08,3702.67,3341.84,10.31,350.52,5,5,0
ORD-00000712,2025-02-14,CUST-006887,PROD-1170,WH-EU-WEST-1,CAR-08,8,549.59,394.0,0.0,4396.72,4396.72,3152.0,44.88,1199.84,7,7,0
ORD-00000713,2023-05-09,CUST-008122,PROD-0389,WH-APAC-MELB-1,CAR-02,3,767.46,409.9,0.0,2302.38,2302.38,1229.7,16.57,1056.11,5,5,0
ORD-00000714,2023-12-05,CUST-016206,PROD-0028,WH-APAC-TYO-1,CAR-05,5,699.15,345.38,0.1,3495.75,3146.18,1726.9,13.81,1405.46,2,2,0
ORD-00000715,2024-09-18,CUST-020821,PROD-0465,WH-CA-EAST-1,CAR-08,10,267.0,178.78,0.0,2670.0,2670.0,1787.8,6.67,875.53,7,7,0
ORD-00000716,2023-01-05,CUST-015530,PROD-1673,WH-CA-EAST-1,CAR-02,6,119.73,68.39,0.05,718.38,682.46,410.34,24.61,247.51,3,3,0
ORD-00000717,2025-04-18,CUST-009362,PROD-0939,WH-APAC-SING-1,CAR-03,11,578.76,377.7,0.0,6366.36,6366.36,4154.7,15.73,2195.93,2,3,0
ORD-00000718,2025-06-10,CUST-007886,PROD-0853,WH-APAC-MELB-1,CAR-02,8,1099.64,701.24,0.0,8797.12,8797.12,5609.92,15.54,3171.66,5,5,0
ORD-00000719,2024-10-12,CUST-001574,PROD-0678,WH-CA-EAST-1,CAR-08,8,1431.81,816.85,0.0,11454.48,11454.48,6534.8,33.96,4885.72,5,5,0
ORD-00000720,2023-09-07,CUST-008512,PROD-1077,WH-UK-MANC-1,CAR-01,1,570.14,418.71,0.1,570.14,513.13,418.71,31.61,62.81,5,5,0
ORD-00000721,2023-08-21,CUST-023581,PROD-0089,WH-APAC-MELB-1,CAR-04,11,885.88,423.36,0.0,9744.68,9744.68,4656.96,21.11,5066.61,5,6,0
ORD-00000722,2024-04-10,CUST-008563,PROD-1559,WH-US-EAST-2,CAR-02,5,18.99,12.89,0.05,94.95,90.2,64.45,26.52,-0.77,4,4,0
ORD-00000723,2023-08-13,CUST-007178,PROD-0477,WH-APAC-OSAK-1,CAR-03,4,354.03,239.82,0.0,1416.12,1416.12,959.28,10.41,446.43,1,1,0
ORD-00000724,2023-02-09,CUST-018193,PROD-1709,WH-US-CENT-1,CAR-08,3,1438.72,739.5,0.0,4316.16,4316.16,2218.5,35.81,2061.85,1,1,0
ORD-00000725,2023-04-08,CUST-010656,PROD-1235,WH-APAC-TYO-1,CAR-02,5,532.29,412.9,0.05,2661.45,2528.38,2064.5,39.01,424.87,2,2,0
ORD-00000726,2024-08-20,CUST-007101,PROD-0284,WH-APAC-MELB-1,CAR-07,6,537.39,333.72,0.0,3224.34,3224.34,2002.32,25.81,1196.21,7,7,0
ORD-00000727,2023-06-16,CUST-022612,PROD-0391,WH-APAC-OSAK-1,CAR-05,1,1213.29,885.46,0.0,1213.29,1213.29,885.46,36.25,291.58,7,6,1
ORD-00000728,2023-01-12,CUST-001617,PROD-0826,WH-APAC-TYO-1,CAR-05,7,560.47,351.3,0.0,3923.29,3923.29,2459.1,35.67,1428.52,3,3,0
ORD-00000729,2024-01-12,CUST-004679,PROD-1066,WH-US-EAST-2,CAR-02,4,1498.09,713.99,0.0,5992.36,5992.36,2855.96,16.88,3119.52,1,1,0
ORD-00000730,2023-12-19,CUST-004979,PROD-0173,WH-APAC-OSAK-1,CAR-01,1,197.4,161.73,0.0,197.4,197.4,161.73,9.09,26.58,4,4,0
ORD-00000731,2024-09-02,CUST-003901,PROD-0545,WH-APAC-SYD-1,CAR-07,1,293.87,147.76,0.0,293.87,293.87,147.76,5.47,140.64,2,1,1
ORD-00000732,2023-11-13,CUST-000871,PROD-1176,WH-CA-EAST-1,CAR-04,3,1088.78,631.6,0.0,3266.34,3266.34,1894.8,44.7,1326.84,6,6,0
ORD-00000733,2024-10-01,CUST-016684,PROD-0743,WH-EU-WEST-1,CAR-07,11,689.07,554.22,0.0,7579.77,7579.77,6096.42,38.62,1444.73,2,2,0
ORD-00000734,2023-09-21,CUST-002270,PROD-1474,WH-US-EAST-2,CAR-03,10,1267.68,678.97,0.0,12676.8,12676.8,6789.7,19.57,5867.53,6,7,0
ORD-00000735,2023-12-12,CUST-009126,PROD-1544,WH-UK-LOND-1,CAR-03,11,1408.66,902.53,0.05,15495.26,14720.5,9927.83,14.04,4778.63,7,7,0
ORD-00000736,2023-08-02,CUST-004329,PROD-0249,WH-EU-WEST-1,CAR-08,6,1049.33,815.33,0.05,6295.98,5981.18,4891.98,8.44,1080.76,5,5,0
ORD-00000737,2023-03-04,CUST-018610,PROD-0908,WH-EU-CENT-1,CAR-08,4,1168.39,592.49,0.0,4673.56,4673.56,2369.96,20.6,2283.0,1,1,0
ORD-00000738,2025-01-04,CUST-016458,PROD-0125,WH-APAC-SING-1,CAR-03,7,857.93,686.17,0.0,6005.51,6005.51,4803.19,21.36,1180.96,2,3,0
ORD-00000739,2024-06-29,CUST-007456,PROD-0703,WH-EU-WEST-1,CAR-07,10,931.75,421.06,0.1,9317.5,8385.75,4210.6,25.83,4149.32,4,4,0
ORD-00000740,2023-07-31,CUST-023417,PROD-1764,WH-APAC-OSAK-1,CAR-05,1,1347.82,737.93,0.0,1347.82,1347.82,737.93,41.45,568.44,2,2,0
ORD-00000741,2024-09-08,CUST-017754,PROD-0029,WH-APAC-MELB-1,CAR-05,11,275.49,183.89,0.15,3030.39,2575.83,2022.79,19.91,533.13,5,4,1
ORD-00000742,2024-12-12,CUST-017840,PROD-0773,WH-CA-EAST-1,CAR-06,3,684.4,412.42,0.1,2053.2,1847.88,1237.26,6.29,604.33,1,1,0
ORD-00000743,2023-09-28,CUST-011009,PROD-1841,WH-APAC-TYO-1,CAR-06,1,1723.84,787.45,0.15,1723.84,1465.26,787.45,14.52,663.29,4,5,0
ORD-00000744,2025-04-28,CUST-018650,PROD-0646,WH-US-EAST-2,CAR-02,2,780.31,591.71,0.1,1560.62,1404.56,1183.42,37.39,183.75,6,7,0
ORD-00000745,2023-02-13,CUST-007710,PROD-0529,WH-EU-CENT-1,CAR-06,4,466.21,245.46,0.05,1864.84,1771.6,981.84,32.82,756.94,2,2,0
ORD-00000746,2024-07-12,CUST-023148,PROD-0742,WH-UK-MANC-1,CAR-08,6,1415.15,839.75,0.1,8490.9,7641.81,5038.5,18.54,2584.77,4,4,0
ORD-00000747,2025-12-24,CUST-019233,PROD-1987,WH-CA-EAST-1,CAR-01,1,1007.75,663.5,0.1,1007.75,906.98,663.5,24.54,218.94,5,5,0
ORD-00000748,2025-09-28,CUST-024858,PROD-1333,WH-APAC-SING-1,CAR-04,1,1259.68,808.84,0.0,1259.68,1259.68,808.84,44.42,406.42,6,6,0
ORD-00000749,2025-02-05,CUST-017098,PROD-1935,WH-US-EAST-2,CAR-06,7,772.7,559.2,0.0,5408.9,5408.9,3914.4,18.41,1476.09,1,1,0
ORD-00000750,2025-11-11,CUST-007466,PROD-0221,WH-APAC-MELB-1,CAR-07,1,90.48,49.79,0.1,90.48,81.43,49.79,10.07,21.57,1,1,0
ORD-00000751,2023-03-30,CUST-023591,PROD-0528,WH-EU-WEST-1,CAR-04,11,785.42,633.99,0.0,8639.62,8639.62,6973.89,5.84,1659.89,5,5,0
ORD-00000752,2025-03-11,CUST-005437,PROD-1383,WH-APAC-MELB-1,CAR-05,8,816.1,526.22,0.0,6528.8,6528.8,4209.76,7.41,2311.63,7,7,0
ORD-00000753,2024-08-17,CUST-007928,PROD-1505,WH-CA-EAST-1,CAR-04,10,417.46,287.67,0.1,4174.6,3757.14,2876.7,34.6,845.84,3,2,1
ORD-00000754,2025-11-20,CUST-000816,PROD-1661,WH-EU-CENT-1,CAR-07,5,55.45,35.94,0.0,277.25,277.25,179.7,38.62,58.93,7,7,0
ORD-00000755,2023-01-02,CUST-018160,PROD-0764,WH-APAC-SYD-1,CAR-04,10,927.8,680.73,0.05,9278.0,8814.1,6807.3,27.38,1979.42,5,5,0
ORD-00000756,2025-04-29,CUST-010420,PROD-0645,WH-APAC-SING-1,CAR-04,9,1402.53,797.76,0.05,12622.77,11991.63,7179.84,26.54,4785.25,7,7,0
ORD-00000757,2025-12-25,CUST-023713,PROD-1556,WH-UK-LOND-1,CAR-01,8,1765.68,831.28,0.0,14125.44,14125.44,6650.24,22.59,7452.61,5,5,0
ORD-00000758,2023-08-29,CUST-009371,PROD-0022,WH-UK-MANC-1,CAR-04,3,228.68,172.4,0.05,686.04,651.74,517.2,8.39,126.15,5,5,0
ORD-00000759,2023-04-16,CUST-005277,PROD-0828,WH-US-CENT-1,CAR-06,5,856.93,617.93,0.0,4284.65,4284.65,3089.65,15.15,1179.85,2,2,0
ORD-00000760,2023-01-17,CUST-020178,PROD-1237,WH-APAC-SYD-1,CAR-05,3,1435.51,816.09,0.15,4306.53,3660.55,2448.27,7.47,1204.81,1,1,0
ORD-00000761,2023-10-10,CUST-019299,PROD-0374,WH-UK-LOND-1,CAR-08,11,926.86,574.84,0.05,10195.46,9685.69,6323.24,26.7,3335.75,1,1,0
ORD-00000762,2025-05-11,CUST-007791,PROD-1992,WH-UK-MANC-1,CAR-03,8,982.29,473.76,0.0,7858.32,7858.32,3790.08,9.15,4059.09,7,6,1
ORD-00000763,2025-10-03,CUST-014310,PROD-0898,WH-US-EAST-1,CAR-03,3,1186.67,911.01,0.0,3560.01,3560.01,2733.03,29.68,797.3,4,5,0
ORD-00000764,2023-08-05,CUST-010691,PROD-0391,WH-APAC-SYD-1,CAR-03,7,1213.29,885.46,0.0,8493.03,8493.03,6198.22,33.15,2261.66,2,2,0
ORD-00000765,2025-06-03,CUST-006506,PROD-0205,WH-EU-WEST-1,CAR-03,10,33.02,26.34,0.1,330.2,297.18,263.4,5.83,27.95,6,5,1
ORD-00000766,2023-11-15,CUST-004573,PROD-0415,WH-CA-EAST-1,CAR-07,6,851.35,501.02,0.15,5108.1,4341.88,3006.12,26.46,1309.31,2,2,0
ORD-00000767,2024-01-17,CUST-001168,PROD-1075,WH-UK-LOND-1,CAR-06,11,406.89,303.58,0.05,4475.79,4252.0,3339.38,40.18,872.44,4,4,0
ORD-00000768,2025-09-16,CUST-008449,PROD-0927,WH-EU-WEST-1,CAR-08,3,1616.41,848.29,0.0,4849.23,4849.23,2544.87,16.67,2287.69,3,3,0
ORD-00000769,2025-07-17,CUST-013942,PROD-1579,WH-APAC-SYD-1,CAR-03,9,795.65,584.64,0.1,7160.85,6444.76,5261.76,12.25,1170.75,7,7,0
ORD-00000770,2023-12-25,CUST-023890,PROD-0424,WH-US-EAST-1,CAR-07,7,588.89,401.68,0.0,4122.23,4122.23,2811.76,27.28,1283.19,3,3,0
ORD-00000771,2025-11-15,CUST-002436,PROD-0767,WH-EU-WEST-1,CAR-02,10,1066.16,761.45,0.15,10661.6,9062.36,7614.5,14.06,1433.8,3,3,0
ORD-00000772,2023-06-25,CUST-018133,PROD-0183,WH-APAC-SING-1,CAR-01,9,710.1,572.34,0.05,6390.9,6071.36,5151.06,17.09,903.2,1,0,1
ORD-00000773,2024-07-09,CUST-024708,PROD-1230,WH-US-EAST-1,CAR-04,10,1420.87,948.29,0.0,14208.7,14208.7,9482.9,7.76,4718.04,6,6,0
ORD-00000774,2025-12-30,CUST-002675,PROD-1940,WH-US-EAST-2,CAR-06,8,690.57,404.4,0.0,5524.56,5524.56,3235.2,10.99,2278.37,3,3,0
ORD-00000775,2025-01-15,CUST-002452,PROD-0978,WH-UK-LOND-1,CAR-07,3,574.41,382.73,0.05,1723.23,1637.07,1148.19,38.6,450.28,5,4,1
ORD-00000776,2023-06-23,CUST-020799,PROD-1616,WH-US-WEST-1,CAR-07,2,218.62,110.47,0.1,437.24,393.52,220.94,45.84,126.74,4,4,0
ORD-00000777,2023-02-15,CUST-012755,PROD-1761,WH-UK-MANC-1,CAR-05,7,289.23,175.62,0.0,2024.61,2024.61,1229.34,27.31,767.96,5,5,0
ORD-00000778,2023-11-06,CUST-010356,PROD-0387,WH-APAC-OSAK-1,CAR-01,6,658.24,440.56,0.1,3949.44,3554.5,2643.36,21.98,889.16,6,7,0
ORD-00000779,2025-02-10,CUST-009005,PROD-0516,WH-US-CENT-1,CAR-07,2,1586.2,779.46,0.0,3172.4,3172.4,1558.92,38.55,1574.93,4,4,0
ORD-00000780,2023-02-13,CUST-015417,PROD-1502,WH-APAC-SING-1,CAR-04,4,848.12,645.25,0.0,3392.48,3392.48,2581.0,24.83,786.65,7,7,0
ORD-00000781,2023-08-25,CUST-021144,PROD-1685,WH-US-CENT-1,CAR-01,3,1896.15,862.37,0.0,5688.45,5688.45,2587.11,42.52,3058.82,2,3,0
ORD-00000782,2023-07-29,CUST-014612,PROD-0055,WH-US-WEST-1,CAR-04,8,554.08,331.45,0.0,4432.64,4432.64,2651.6,24.24,1756.8,6,6,0
ORD-00000783,2023-07-03,CUST-008690,PROD-1354,WH-US-CENT-1,CAR-04,7,1298.83,609.93,0.05,9091.81,8637.22,4269.51,21.82,4345.89,2,3,0
ORD-00000784,2024-09-30,CUST-022428,PROD-1628,WH-US-WEST-1,CAR-06,8,1116.35,761.8,0.0,8930.8,8930.8,6094.4,47.54,2788.86,6,6,0
ORD-00000785,2024-09-22,CUST-018937,PROD-0957,WH-US-CENT-1,CAR-04,2,573.65,373.96,0.0,1147.3,1147.3,747.92,32.78,366.6,3,3,0
ORD-00000786,2023-04-23,CUST-008344,PROD-0824,WH-APAC-SING-1,CAR-05,6,78.95,63.57,0.0,473.7,473.7,381.42,26.39,65.89,2,2,0
ORD-00000787,2023-03-03,CUST-019668,PROD-0273,WH-APAC-SING-1,CAR-04,11,1029.2,679.99,0.0,11321.2,11321.2,7479.89,20.75,3820.56,2,2,0
ORD-00000788,2025-05-26,CUST-022808,PROD-0510,WH-US-EAST-1,CAR-03,5,735.92,558.56,0.05,3679.6,3495.62,2792.8,16.14,686.68,4,3,1
ORD-00000789,2024-01-18,CUST-017510,PROD-1741,WH-CA-EAST-1,CAR-06,11,1209.56,937.89,0.15,13305.16,11309.39,10316.79,28.39,964.21,5,5,0
ORD-00000790,2023-06-22,CUST-006527,PROD-0021,WH-EU-WEST-1,CAR-07,10,417.97,255.8,0.15,4179.7,3552.75,2558.0,25.59,969.16,1,1,0
ORD-00000791,2025-04-04,CUST-001398,PROD-1099,WH-US-WEST-2,CAR-04,8,961.69,663.47,0.0,7693.52,7693.52,5307.76,29.05,2356.71,7,6,1
ORD-00000792,2025-02-01,CUST-019197,PROD-1371,WH-APAC-MELB-1,CAR-03,11,219.06,141.97,0.1,2409.66,2168.69,1561.67,31.57,575.45,1,1,0
ORD-00000793,2023-07-28,CUST-000281,PROD-0963,WH-APAC-SING-1,CAR-05,11,117.83,72.11,0.15,1296.13,1101.71,793.21,19.97,288.53,6,6,0
ORD-00000794,2024-01-25,CUST-023008,PROD-0296,WH-UK-MANC-1,CAR-01,8,792.34,615.57,0.05,6338.72,6021.78,4924.56,45.51,1051.71,5,5,0
ORD-00000795,2024-09-11,CUST-012753,PROD-1258,WH-APAC-OSAK-1,CAR-02,11,582.64,450.38,0.0,6409.04,6409.04,4954.18,24.7,1430.16,2,2,0
ORD-00000796,2023-03-27,CUST-007761,PROD-1657,WH-APAC-OSAK-1,CAR-03,11,1075.9,824.68,0.0,11834.9,11834.9,9071.48,20.35,2743.07,6,6,0
ORD-00000797,2024-02-08,CUST-009669,PROD-1555,WH-UK-MANC-1,CAR-03,4,170.87,132.73,0.0,683.48,683.48,530.92,25.64,126.92,6,7,0
ORD-00000798,2025-10-05,CUST-016657,PROD-1623,WH-CA-EAST-1,CAR-05,2,1616.78,758.27,0.05,3233.56,3071.88,1516.54,32.49,1522.85,7,7,0
ORD-00000799,2025-03-12,CUST-007625,PROD-1227,WH-US-EAST-1,CAR-06,5,965.94,554.64,0.0,4829.7,4829.7,2773.2,23.84,2032.66,5,6,0
ORD-00000800,2025-09-01,CUST-007507,PROD-0847,WH-US-WEST-1,CAR-04,6,1134.99,594.51,0.1,6809.94,6128.95,3567.06,10.57,2551.32,5,5,0
ORD-00000801,2024-07-26,CUST-000521,PROD-0197,WH-EU-WEST-1,CAR-04,4,478.56,314.99,0.1,1914.24,1722.82,1259.96,18.69,444.17,7,7,0
ORD-00000802,2024-11-05,CUST-001727,PROD-1882,WH-US-WEST-1,CAR-07,6,522.95,410.88,0.2,3137.7,2510.16,2465.28,15.44,29.44,1,0,1
ORD-00000803,2024-03-19,CUST-020584,PROD-1301,WH-EU-CENT-1,CAR-04,7,20.08,12.12,0.05,140.56,133.53,84.84,32.26,16.43,2,3,0
ORD-00000804,2023-01-23,CUST-005229,PROD-0894,WH-UK-MANC-1,CAR-04,8,1079.31,671.44,0.15,8634.48,7339.31,5371.52,30.93,1936.86,2,2,0
ORD-00000805,2025-02-08,CUST-007288,PROD-0002,WH-APAC-SYD-1,CAR-05,5,1341.38,872.7,0.0,6706.9,6706.9,4363.5,32.77,2310.63,2,2,0
ORD-00000806,2023-06-19,CUST-009668,PROD-1034,WH-APAC-SING-1,CAR-05,2,125.46,63.41,0.0,250.92,250.92,126.82,33.48,90.62,6,7,0
ORD-00000807,2025-01-04,CUST-004998,PROD-1044,WH-APAC-SING-1,CAR-08,1,1112.85,655.36,0.05,1112.85,1057.21,655.36,28.2,373.65,6,6,0
ORD-00000808,2023-08-10,CUST-005387,PROD-1872,WH-APAC-OSAK-1,CAR-06,8,300.15,203.26,0.0,2401.2,2401.2,1626.08,15.91,759.21,4,4,0
ORD-00000809,2024-03-09,CUST-018367,PROD-0405,WH-CA-EAST-1,CAR-01,5,613.84,308.33,0.0,3069.2,3069.2,1541.65,43.76,1483.79,7,7,0
ORD-00000810,2025-10-08,CUST-023024,PROD-1901,WH-US-CENT-1,CAR-07,1,813.77,631.16,0.0,813.77,813.77,631.16,35.68,146.93,3,3,0
ORD-00000811,2023-07-16,CUST-020697,PROD-0354,WH-APAC-OSAK-1,CAR-07,6,1727.42,901.02,0.15,10364.52,8809.84,5406.12,34.5,3369.22,4,3,1
ORD-00000812,2024-11-24,CUST-022144,PROD-1528,WH-US-WEST-1,CAR-05,6,1349.34,842.8,0.0,8096.04,8096.04,5056.8,28.43,3010.81,7,8,0
ORD-00000813,2025-01-12,CUST-003922,PROD-1493,WH-CA-EAST-1,CAR-06,6,1034.71,714.88,0.0,6208.26,6208.26,4289.28,12.45,1906.53,5,5,0
ORD-00000814,2024-01-20,CUST-015321,PROD-1051,WH-APAC-SING-1,CAR-04,1,668.24,497.24,0.0,668.24,668.24,497.24,26.48,144.52,5,5,0
ORD-00000815,2024-05-20,CUST-015731,PROD-1341,WH-EU-WEST-1,CAR-03,6,28.14,21.11,0.05,168.84,160.4,126.66,41.04,-7.3,4,5,0
ORD-00000816,2024-12-04,CUST-008853,PROD-0666,WH-UK-LOND-1,CAR-03,9,1133.78,653.85,0.05,10204.02,9693.82,5884.65,18.38,3790.79,4,5,0
ORD-00000817,2023-11-19,CUST-020119,PROD-0836,WH-EU-WEST-1,CAR-04,4,1291.29,603.16,0.15,5165.16,4390.39,2412.64,36.43,1941.32,1,1,0
ORD-00000818,2023-05-21,CUST-024125,PROD-1970,WH-APAC-OSAK-1,CAR-07,3,221.32,152.4,0.05,663.96,630.76,457.2,18.27,155.29,6,6,0
ORD-00000819,2023-05-25,CUST-018430,PROD-0404,WH-US-CENT-1,CAR-03,11,1131.05,583.51,0.0,12441.55,12441.55,6418.61,16.66,6006.28,3,3,0
ORD-00000820,2023-07-01,CUST-017054,PROD-1548,WH-UK-MANC-1,CAR-04,4,911.78,582.26,0.0,3647.12,3647.12,2329.04,47.94,1270.14,5,5,0
ORD-00000821,2025-10-16,CUST-006124,PROD-0063,WH-APAC-SYD-1,CAR-08,11,568.25,285.83,0.05,6250.75,5938.21,3144.13,42.69,2751.39,1,1,0
ORD-00000822,2025-06-11,CUST-015534,PROD-0846,WH-EU-WEST-1,CAR-07,8,1154.33,815.88,0.05,9234.64,8772.91,6527.04,32.32,2213.55,1,1,0
ORD-00000823,2023-03-16,CUST-012020,PROD-1452,WH-APAC-OSAK-1,CAR-08,11,378.02,307.56,0.0,4158.22,4158.22,3383.16,30.7,744.36,5,6,0
ORD-00000824,2025-12-10,CUST-010045,PROD-1213,WH-US-WEST-2,CAR-03,11,266.24,182.91,0.0,2928.64,2928.64,2012.01,44.38,872.25,4,4,0
ORD-00000825,2025-05-21,CUST-001646,PROD-1430,WH-APAC-TYO-1,CAR-08,9,446.54,219.16,0.05,4018.86,3817.92,1972.44,45.83,1799.65,7,7,0
ORD-00000826,2023-07-12,CUST-009622,PROD-1694,WH-EU-CENT-1,CAR-01,6,1026.61,511.97,0.1,6159.66,5543.69,3071.82,18.02,2453.85,5,6,0
ORD-00000827,2024-12-04,CUST-003442,PROD-0093,WH-APAC-SYD-1,CAR-03,7,783.22,434.14,0.0,5482.54,5482.54,3038.98,22.69,2420.87,5,5,0
ORD-00000828,2025-04-30,CUST-000920,PROD-1782,WH-UK-MANC-1,CAR-06,9,251.52,145.05,0.05,2263.68,2150.5,1305.45,9.44,835.61,6,6,0
ORD-00000829,2023-12-09,CUST-007383,PROD-1525,WH-APAC-SYD-1,CAR-08,10,473.69,337.17,0.0,4736.9,4736.9,3371.7,8.91,1356.29,5,5,0
ORD-00000830,2025-04-14,CUST-005427,PROD-1727,WH-US-EAST-2,CAR-06,6,889.36,515.65,0.1,5336.16,4802.54,3093.9,43.14,1665.5,6,6,0
ORD-00000831,2023-09-22,CUST-018497,PROD-0662,WH-UK-LOND-1,CAR-03,1,539.33,334.49,0.0,539.33,539.33,334.49,35.0,169.84,2,2,0
ORD-00000832,2023-02-14,CUST-013711,PROD-1062,WH-US-EAST-1,CAR-04,10,1085.49,866.55,0.15,10854.9,9226.66,8665.5,17.45,543.71,3,4,0
ORD-00000833,2024-04-28,CUST-020336,PROD-0534,WH-US-WEST-2,CAR-05,9,161.72,121.79,0.15,1455.48,1237.16,1096.11,16.23,124.82,5,5,0
ORD-00000834,2024-02-24,CUST-000412,PROD-1420,WH-US-EAST-2,CAR-03,4,1109.35,710.43,0.0,4437.4,4437.4,2841.72,12.94,1582.74,4,5,0
ORD-00000835,2025-07-11,CUST-007420,PROD-1595,WH-UK-LOND-1,CAR-04,1,634.91,295.93,0.0,634.91,634.91,295.93,47.38,291.6,2,2,0
ORD-00000836,2023-10-25,CUST-021652,PROD-0341,WH-APAC-SYD-1,CAR-07,5,239.33,189.6,0.05,1196.65,1136.82,948.0,11.9,176.92,6,6,0
ORD-00000837,2024-07-06,CUST-019684,PROD-1618,WH-APAC-TYO-1,CAR-03,9,1180.43,845.07,0.05,10623.87,10092.68,7605.63,25.02,2462.03,3,3,0
ORD-00000838,2024-04-27,CUST-002859,PROD-1333,WH-APAC-TYO-1,CAR-04,1,1259.68,808.84,0.15,1259.68,1070.73,808.84,17.08,244.81,6,5,1
ORD-00000839,2025-12-23,CUST-009413,PROD-1212,WH-APAC-MELB-1,CAR-08,11,930.29,420.21,0.2,10233.19,8186.55,4622.31,7.97,3556.27,3,3,0
ORD-00000840,2023-07-28,CUST-010483,PROD-0792,WH-EU-CENT-1,CAR-06,1,753.82,462.09,0.0,753.82,753.82,462.09,22.6,269.13,7,7,0
ORD-00000841,2025-02-21,CUST-002751,PROD-1560,WH-APAC-MELB-1,CAR-04,2,996.14,802.19,0.1,1992.28,1793.05,1604.38,16.26,172.41,7,7,0
ORD-00000842,2024-12-20,CUST-006315,PROD-0108,WH-US-EAST-2,CAR-01,7,1248.59,604.94,0.0,8740.13,8740.13,4234.58,14.17,4491.38,7,7,0
ORD-00000843,2024-10-04,CUST-017138,PROD-0660,WH-EU-WEST-1,CAR-07,11,800.09,512.94,0.15,8800.99,7480.84,5642.34,41.45,1797.05,2,2,0
ORD-00000844,2023-05-06,CUST-017871,PROD-1288,WH-US-EAST-2,CAR-05,6,494.79,302.12,0.0,2968.74,2968.74,1812.72,45.69,1110.33,7,7,0
ORD-00000845,2023-07-01,CUST-012546,PROD-0760,WH-UK-MANC-1,CAR-06,7,305.82,233.95,0.0,2140.74,2140.74,1637.65,40.75,462.34,1,1,0
ORD-00000846,2024-04-30,CUST-012439,PROD-1196,WH-EU-WEST-1,CAR-05,9,1215.86,810.49,0.0,10942.74,10942.74,7294.41,44.05,3604.28,6,6,0
ORD-00000847,2023-03-28,CUST-013196,PROD-0745,WH-US-WEST-1,CAR-06,8,961.55,442.12,0.05,7692.4,7307.78,3536.96,27.26,3743.56,2,2,0
ORD-00000848,2025-06-11,CUST-013742,PROD-1327,WH-CA-EAST-1,CAR-06,11,1337.56,768.43,0.0,14713.16,14713.16,8452.73,9.65,6250.78,3,3,0
ORD-00000849,2024-04-25,CUST-009633,PROD-1739,WH-US-WEST-1,CAR-02,3,580.86,395.33,0.0,1742.58,1742.58,1185.99,18.07,538.52,2,3,0
ORD-00000850,2024-02-26,CUST-003372,PROD-1584,WH-US-EAST-1,CAR-04,4,1203.46,608.95,0.05,4813.84,4573.15,2435.8,18.96,2118.39,3,3,0
ORD-00000851,2023-05-21,CUST-014573,PROD-1223,WH-EU-CENT-1,CAR-01,6,1180.99,927.55,0.1,7085.94,6377.35,5565.3,32.25,779.8,7,7,0
ORD-00000852,2024-10-04,CUST-021657,PROD-0349,WH-EU-CENT-1,CAR-02,11,529.77,389.06,0.0,5827.47,5827.47,4279.66,39.92,1507.89,1,1,0
ORD-00000853,2025-05-02,CUST-007459,PROD-1552,WH-APAC-SYD-1,CAR-02,8,765.39,520.62,0.0,6123.12,6123.12,4164.96,10.42,1947.74,2,2,0
ORD-00000854,2024-12-08,CUST-014755,PROD-0212,WH-US-EAST-1,CAR-03,8,19.1,15.44,0.0,152.8,152.8,123.52,45.8,-16.52,6,6,0
ORD-00000855,2024-03-27,CUST-013764,PROD-0044,WH-US-EAST-1,CAR-07,2,234.67,156.69,0.05,469.34,445.87,313.38,7.82,124.67,5,5,0
ORD-00000856,2025-09-30,CUST-015098,PROD-0009,WH-APAC-MELB-1,CAR-04,6,1193.67,943.36,0.0,7162.02,7162.02,5660.16,24.51,1477.35,4,4,0
ORD-00000857,2025-08-31,CUST-018591,PROD-1555,WH-US-EAST-1,CAR-01,1,170.87,132.73,0.0,170.87,170.87,132.73,41.31,-3.17,4,3,1
ORD-00000858,2025-02-14,CUST-016284,PROD-1648,WH-APAC-MELB-1,CAR-06,1,452.01,304.25,0.05,452.01,429.41,304.25,39.4,85.76,1,1,0
ORD-00000859,2025-09-02,CUST-010123,PROD-0782,WH-APAC-SING-1,CAR-06,1,1169.58,878.82,0.1,1169.58,1052.62,878.82,41.31,132.49,5,5,0
ORD-00000860,2023-03-11,CUST-014368,PROD-1063,WH-UK-MANC-1,CAR-06,1,534.78,321.99,0.0,534.78,534.78,321.99,28.48,184.31,3,3,0
ORD-00000861,2024-06-11,CUST-018754,PROD-1240,WH-UK-LOND-1,CAR-04,8,1049.65,631.26,0.0,8397.2,8397.2,5050.08,8.96,3338.16,6,6,0
ORD-00000862,2024-02-23,CUST-007166,PROD-0471,WH-CA-EAST-1,CAR-04,7,1005.18,740.62,0.05,7036.26,6684.45,5184.34,15.72,1484.39,5,5,0
ORD-00000863,2023-10-23,CUST-007347,PROD-1602,WH-APAC-TYO-1,CAR-02,5,1278.25,879.69,0.0,6391.25,6391.25,4398.45,26.76,1966.04,2,2,0
ORD-00000864,2024-12-17,CUST-003771,PROD-1000,WH-APAC-MELB-1,CAR-01,4,405.41,226.99,0.1,1621.64,1459.48,907.96,39.2,512.32,6,6,0
ORD-00000865,2025-05-04,CUST-010445,PROD-0701,WH-US-CENT-1,CAR-02,5,551.66,285.43,0.2,2758.3,2206.64,1427.15,6.07,773.42,7,7,0
ORD-00000866,2023-11-20,CUST-023953,PROD-0682,WH-US-CENT-1,CAR-01,5,532.44,242.74,0.05,2662.2,2529.09,1213.7,32.03,1283.36,6,6,0
ORD-00000867,2024-04-25,CUST-010355,PROD-0685,WH-APAC-MELB-1,CAR-07,8,1129.73,533.12,0.0,9037.84,9037.84,4264.96,41.9,4730.98,6,5,1
ORD-00000868,2025-07-03,CUST-015102,PROD-0760,WH-US-WEST-2,CAR-06,1,305.82,233.95,0.15,305.82,259.95,233.95,9.37,16.63,6,6,0
ORD-00000869,2025-07-17,CUST-001092,PROD-1690,WH-US-WEST-1,CAR-07,1,789.41,629.0,0.0,789.41,789.41,629.0,43.71,116.7,5,5,0
ORD-00000870,2024-11-25,CUST-013535,PROD-1874,WH-CA-EAST-1,CAR-04,11,796.08,388.01,0.0,8756.88,8756.88,4268.11,10.71,4478.06,2,2,0
ORD-00000871,2023-02-06,CUST-024384,PROD-1340,WH-US-EAST-2,CAR-06,3,16.24,11.69,0.1,48.72,43.85,35.07,14.97,-6.19,4,4,0
ORD-00000872,2023-01-04,CUST-013291,PROD-0132,WH-EU-CENT-1,CAR-07,8,111.96,59.35,0.0,895.68,895.68,474.8,11.57,409.31,1,2,0
ORD-00000873,2024-08-26,CUST-013622,PROD-0831,WH-APAC-OSAK-1,CAR-04,11,821.15,653.55,0.0,9032.65,9032.65,7189.05,32.51,1811.09,5,5,0
ORD-00000874,2024-03-16,CUST-000844,PROD-0568,WH-APAC-SING-1,CAR-01,9,907.87,512.22,0.0,8170.83,8170.83,4609.98,32.81,3528.04,7,7,0
ORD-00000875,2023-12-01,CUST-022738,PROD-0356,WH-APAC-OSAK-1,CAR-01,7,1696.57,881.71,0.05,11875.99,11282.19,6171.97,14.89,5095.33,3,3,0
ORD-00000876,2025-10-10,CUST-017262,PROD-0365,WH-US-WEST-1,CAR-01,8,778.95,533.89,0.15,6231.6,5296.86,4271.12,24.15,1001.59,7,7,0
ORD-00000877,2025-05-03,CUST-006101,PROD-1171,WH-US-WEST-1,CAR-07,1,193.35,106.75,0.1,193.35,174.02,106.75,33.98,33.28,3,3,0
ORD-00000878,2024-06-15,CUST-006513,PROD-0396,WH-CA-EAST-1,CAR-03,1,609.04,301.96,0.15,609.04,517.68,301.96,30.1,185.62,1,1,0
ORD-00000879,2023-01-13,CUST-022070,PROD-1825,WH-US-CENT-1,CAR-02,4,1444.54,814.72,0.1,5778.16,5200.34,3258.88,41.71,1899.75,2,2,0
ORD-00000880,2023-02-05,CUST-020016,PROD-1582,WH-APAC-OSAK-1,CAR-02,1,1476.32,862.32,0.0,1476.32,1476.32,862.32,38.92,575.08,1,1,0
ORD-00000881,2025-12-20,CUST-001562,PROD-1593,WH-EU-CENT-1,CAR-05,6,529.79,370.43,0.2,3178.74,2542.99,2222.58,20.78,299.63,2,2,0
ORD-00000882,2025-02-20,CUST-021832,PROD-1494,WH-UK-LOND-1,CAR-08,4,1289.04,944.09,0.0,5156.16,5156.16,3776.36,32.48,1347.32,4,5,0
ORD-00000883,2023-09-28,CUST-009304,PROD-0160,WH-CA-EAST-1,CAR-01,5,1288.31,861.75,0.05,6441.55,6119.47,4308.75,39.75,1770.97,1,1,0
ORD-00000884,2024-04-04,CUST-018539,PROD-1105,WH-APAC-SING-1,CAR-07,11,63.9,50.84,0.0,702.9,702.9,559.24,21.75,121.91,2,2,0
ORD-00000885,2025-03-25,CUST-013624,PROD-1291,WH-APAC-TYO-1,CAR-01,1,586.7,473.94,0.05,586.7,557.36,473.94,27.62,55.81,5,4,1
ORD-00000886,2024-11-30,CUST-016588,PROD-0660,WH-APAC-OSAK-1,CAR-06,7,800.09,512.94,0.05,5600.63,5320.6,3590.58,43.9,1686.12,1,1,0
ORD-00000887,2024-03-31,CUST-021061,PROD-1325,WH-US-EAST-1,CAR-07,9,696.17,336.46,0.0,6265.53,6265.53,3028.14,5.55,3231.84,2,2,0
ORD-00000888,2025-04-16,CUST-010832,PROD-1297,WH-APAC-TYO-1,CAR-07,6,39.31,29.77,0.0,235.86,235.86,178.62,42.19,15.05,7,7,0
ORD-00000889,2023-03-31,CUST-022464,PROD-1600,WH-US-CENT-1,CAR-02,11,953.58,754.38,0.15,10489.38,8915.97,8298.18,8.18,609.61,5,5,0
ORD-00000890,2024-08-02,CUST-000864,PROD-1969,WH-APAC-MELB-1,CAR-05,8,1229.57,818.28,0.2,9836.56,7869.25,6546.24,45.05,1277.96,4,4,0
ORD-00000891,2023-10-09,CUST-013981,PROD-1303,WH-US-WEST-2,CAR-06,2,286.45,174.25,0.0,572.9,572.9,348.5,25.3,199.1,6,6,0
ORD-00000892,2025-07-29,CUST-020094,PROD-1579,WH-APAC-OSAK-1,CAR-06,3,795.65,584.64,0.05,2386.95,2267.6,1753.92,5.63,508.05,1,1,0
ORD-00000893,2025-08-23,CUST-015329,PROD-1682,WH-APAC-SING-1,CAR-08,7,1388.69,917.23,0.0,9720.83,9720.83,6420.61,38.44,3261.78,7,7,0
ORD-00000894,2023-05-12,CUST-023355,PROD-1730,WH-US-EAST-1,CAR-05,7,36.85,27.66,0.0,257.95,257.95,193.62,20.95,43.38,7,8,0
ORD-00000895,2023-05-25,CUST-012825,PROD-0402,WH-APAC-SING-1,CAR-08,4,1208.87,727.74,0.05,4835.48,4593.71,2910.96,15.62,1667.13,3,3,0
ORD-00000896,2023-11-22,CUST-013256,PROD-0362,WH-UK-MANC-1,CAR-05,7,1006.07,554.95,0.0,7042.49,7042.49,3884.65,40.2,3117.64,7,7,0
ORD-00000897,2025-06-01,CUST-008726,PROD-1221,WH-CA-EAST-1,CAR-01,10,1926.3,902.28,0.0,19263.0,19263.0,9022.8,21.59,10218.61,5,4,1
ORD-00000898,2023-03-08,CUST-021447,PROD-0048,WH-APAC-MELB-1,CAR-04,11,48.76,39.58,0.15,536.36,455.91,435.38,19.14,1.39,3,3,0
ORD-00000899,2025-11-27,CUST-008932,PROD-0899,WH-UK-LOND-1,CAR-05,8,169.67,132.56,0.05,1357.36,1289.49,1060.48,39.04,189.97,5,6,0
ORD-00000900,2023-06-20,CUST-015564,PROD-1316,WH-US-EAST-2,CAR-06,9,1011.44,523.32,0.0,9102.96,9102.96,4709.88,33.74,4359.34,1,2,0
ORD-00000901,2025-03-13,CUST-014202,PROD-0754,WH-EU-CENT-1,CAR-08,6,503.37,367.66,0.1,3020.22,2718.2,2205.96,6.0,506.24,4,5,0
ORD-00000902,2024-01-29,CUST-020791,PROD-0678,WH-US-EAST-1,CAR-06,1,1431.81,816.85,0.1,1431.81,1288.63,816.85,10.97,460.81,4,4,0
ORD-00000903,2023-12-29,CUST-018697,PROD-1661,WH-APAC-OSAK-1,CAR-02,7,55.45,35.94,0.0,388.15,388.15,251.58,40.85,95.72,2,2,0
ORD-00000904,2023-12-16,CUST-015414,PROD-1292,WH-APAC-MELB-1,CAR-06,4,1257.82,709.41,0.0,5031.28,5031.28,2837.64,20.01,2173.63,6,7,0
ORD-00000905,2024-03-19,CUST-008566,PROD-0573,WH-EU-CENT-1,CAR-03,10,1814.71,916.61,0.0,18147.1,18147.1,9166.1,7.49,8973.51,7,6,1
ORD-00000906,2023-06-25,CUST-012141,PROD-0027,WH-APAC-MELB-1,CAR-06,4,1495.95,764.88,0.05,5983.8,5684.61,3059.52,25.79,2599.3,4,4,0
ORD-00000907,2023-06-05,CUST-019043,PROD-0867,WH-UK-MANC-1,CAR-05,7,353.97,213.87,0.15,2477.79,2106.12,1497.09,19.11,589.92,7,7,0
ORD-00000908,2023-07-08,CUST-020700,PROD-1934,WH-UK-MANC-1,CAR-07,10,1032.69,790.94,0.0,10326.9,10326.9,7909.4,46.88,2370.62,5,4,1
ORD-00000909,2023-02-28,CUST-017885,PROD-1555,WH-APAC-SING-1,CAR-03,6,170.87,132.73,0.15,1025.22,871.44,796.38,9.22,65.84,2,2,0
ORD-00000910,2025-07-27,CUST-016904,PROD-1143,WH-US-WEST-1,CAR-02,9,1284.04,860.05,0.2,11556.36,9245.09,7740.45,18.84,1485.8,4,4,0
ORD-00000911,2023-01-01,CUST-016747,PROD-1458,WH-US-WEST-1,CAR-04,4,2052.5,945.79,0.0,8210.0,8210.0,3783.16,8.64,4418.2,5,4,1
ORD-00000912,2025-12-14,CUST-001477,PROD-0101,WH-APAC-SYD-1,CAR-04,11,622.89,365.45,0.0,6851.79,6851.79,4019.95,42.25,2789.59,6,6,0
ORD-00000913,2024-01-05,CUST-012912,PROD-0046,WH-APAC-SYD-1,CAR-07,4,899.15,715.45,0.0,3596.6,3596.6,2861.8,22.16,712.64,1,1,0
ORD-00000914,2025-02-02,CUST-002013,PROD-0698,WH-APAC-MELB-1,CAR-01,9,1449.35,841.2,0.0,13044.15,13044.15,7570.8,47.11,5426.24,4,4,0
ORD-00000915,2025-02-14,CUST-003325,PROD-1868,WH-US-WEST-2,CAR-03,11,941.88,725.72,0.15,10360.68,8806.58,7982.92,46.98,776.68,5,5,0
ORD-00000916,2025-04-01,CUST-010145,PROD-1274,WH-APAC-SYD-1,CAR-08,8,810.99,616.84,0.0,6487.92,6487.92,4934.72,7.32,1545.88,7,7,0
ORD-00000917,2025-12-16,CUST-005856,PROD-0522,WH-APAC-OSAK-1,CAR-02,3,918.45,576.97,0.0,2755.35,2755.35,1730.91,35.13,989.31,3,3,0
ORD-00000918,2025-08-12,CUST-024576,PROD-1397,WH-APAC-MELB-1,CAR-07,11,1216.39,943.07,0.2,13380.29,10704.23,10373.77,24.82,305.64,2,2,0
ORD-00000919,2025-12-30,CUST-013962,PROD-0632,WH-US-EAST-2,CAR-08,7,580.03,314.9,0.0,4060.21,4060.21,2204.3,41.03,1814.88,4,3,1
ORD-00000920,2025-07-22,CUST-013162,PROD-0924,WH-APAC-OSAK-1,CAR-03,11,862.07,577.93,0.05,9482.77,9008.63,6357.23,9.68,2641.72,1,2,0
ORD-00000921,2024-03-13,CUST-021648,PROD-0184,WH-EU-WEST-1,CAR-04,10,313.92,226.93,0.2,3139.2,2511.36,2269.3,5.33,236.73,1,1,0
ORD-00000922,2025-03-19,CUST-000531,PROD-0675,WH-APAC-SING-1,CAR-03,3,795.51,509.76,0.05,2386.53,2267.2,1529.28,30.98,706.94,5,4,1
ORD-00000923,2025-01-09,CUST-020532,PROD-1055,WH-EU-WEST-1,CAR-06,11,466.34,236.67,0.2,5129.74,4103.79,2603.37,15.6,1484.82,5,6,0
ORD-00000924,2023-05-30,CUST-013517,PROD-1621,WH-US-WEST-1,CAR-08,4,480.04,343.13,0.0,1920.16,1920.16,1372.52,23.98,523.66,6,6,0
ORD-00000925,2024-05-21,CUST-019087,PROD-1074,WH-US-CENT-1,CAR-07,1,273.38,173.05,0.0,273.38,273.38,173.05,15.6,84.73,3,3,0
ORD-00000926,2025-08-12,CUST-001632,PROD-1877,WH-UK-LOND-1,CAR-08,2,618.28,316.62,0.05,1236.56,1174.73,633.24,47.34,494.15,1,0,1
ORD-00000927,2024-08-27,CUST-000847,PROD-1435,WH-EU-WEST-1,CAR-08,9,1174.68,528.96,0.0,10572.12,10572.12,4760.64,35.75,5775.73,2,2,0
ORD-00000928,2025-10-15,CUST-024230,PROD-1224,WH-EU-WEST-1,CAR-06,1,963.16,628.17,0.05,963.16,915.0,628.17,22.42,264.41,1,1,0
ORD-00000929,2025-04-09,CUST-013910,PROD-1460,WH-UK-MANC-1,CAR-05,4,387.37,177.96,0.0,1549.48,1549.48,711.84,21.58,816.06,5,5,0
ORD-00000930,2025-03-29,CUST-018004,PROD-0571,WH-APAC-OSAK-1,CAR-05,11,1134.5,877.08,0.1,12479.5,11231.55,9647.88,23.65,1560.02,6,6,0
ORD-00000931,2023-11-12,CUST-016177,PROD-0927,WH-EU-CENT-1,CAR-04,5,1616.41,848.29,0.0,8082.05,8082.05,4241.45,46.96,3793.64,4,5,0
ORD-00000932,2025-12-12,CUST-018255,PROD-1707,WH-APAC-SING-1,CAR-07,1,392.8,298.06,0.0,392.8,392.8,298.06,8.31,86.43,5,5,0
ORD-00000933,2025-04-07,CUST-002247,PROD-0457,WH-APAC-MELB-1,CAR-08,9,1304.77,885.55,0.0,11742.93,11742.93,7969.95,34.28,3738.7,4,4,0
ORD-00000934,2024-06-11,CUST-009655,PROD-0768,WH-APAC-MELB-1,CAR-01,2,265.65,211.03,0.1,531.3,478.17,422.06,30.05,26.06,7,7,0
ORD-00000935,2024-12-21,CUST-002198,PROD-0301,WH-US-EAST-2,CAR-03,6,1528.01,944.31,0.0,9168.06,9168.06,5665.86,35.18,3467.02,3,3,0
ORD-00000936,2025-12-13,CUST-022578,PROD-1285,WH-US-EAST-1,CAR-01,8,933.68,579.72,0.05,7469.44,7095.97,4637.76,44.71,2413.5,2,2,0
ORD-00000937,2024-01-19,CUST-017748,PROD-1773,WH-UK-LOND-1,CAR-07,3,789.28,358.57,0.0,2367.84,2367.84,1075.71,44.75,1247.38,2,2,0
ORD-00000938,2023-02-20,CUST-012924,PROD-1830,WH-US-CENT-1,CAR-04,6,1063.16,507.02,0.0,6378.96,6378.96,3042.12,23.5,3313.34,4,4,0
ORD-00000939,2024-02-07,CUST-003603,PROD-1334,WH-US-EAST-2,CAR-05,4,925.92,426.85,0.0,3703.68,3703.68,1707.4,27.09,1969.19,5,5,0
ORD-00000940,2025-11-30,CUST-009051,PROD-1811,WH-APAC-TYO-1,CAR-08,2,1336.24,769.14,0.0,2672.48,2672.48,1538.28,29.14,1105.06,6,6,0
ORD-00000941,2024-09-28,CUST-008970,PROD-1399,WH-US-EAST-1,CAR-05,11,1301.55,788.35,0.0,14317.05,14317.05,8671.85,10.54,5634.66,5,5,0
ORD-00000942,2024-10-28,CUST-008242,PROD-1572,WH-UK-MANC-1,CAR-02,8,227.75,177.03,0.0,1822.0,1822.0,1416.24,41.55,364.21,7,7,0
ORD-00000943,2024-12-18,CUST-013225,PROD-1752,WH-APAC-MELB-1,CAR-05,6,1369.8,848.59,0.0,8218.8,8218.8,5091.54,33.02,3094.24,6,6,0
ORD-00000944,2025-03-09,CUST-014735,PROD-1328,WH-US-EAST-1,CAR-06,4,1199.41,919.71,0.0,4797.64,4797.64,3678.84,12.41,1106.39,5,5,0
ORD-00000945,2025-12-02,CUST-000376,PROD-0496,WH-EU-WEST-1,CAR-04,1,1429.93,833.65,0.2,1429.93,1143.94,833.65,31.01,279.28,6,6,0
ORD-00000946,2023-10-25,CUST-016407,PROD-0795,WH-APAC-SYD-1,CAR-07,9,359.1,261.28,0.0,3231.9,3231.9,2351.52,47.76,832.62,7,7,0
ORD-00000947,2024-05-02,CUST-002673,PROD-1115,WH-US-WEST-2,CAR-04,7,501.44,387.01,0.2,3510.08,2808.06,2709.07,12.37,86.62,2,2,0
ORD-00000948,2023-04-05,CUST-012571,PROD-0397,WH-US-WEST-2,CAR-04,8,56.17,43.35,0.0,449.36,449.36,346.8,9.79,92.77,4,4,0
ORD-00000949,2023-07-17,CUST-001030,PROD-1377,WH-EU-WEST-1,CAR-04,11,508.07,256.27,0.0,5588.77,5588.77,2818.97,44.57,2725.23,3,2,1
ORD-00000950,2023-04-08,CUST-004376,PROD-1649,WH-US-EAST-2,CAR-06,4,1005.19,660.81,0.0,4020.76,4020.76,2643.24,29.9,1347.62,4,4,0
ORD-00000951,2023-01-13,CUST-016777,PROD-0479,WH-EU-CENT-1,CAR-08,1,55.81,44.12,0.0,55.81,55.81,44.12,13.25,-1.56,4,4,0
ORD-00000952,2023-04-22,CUST-014282,PROD-0481,WH-UK-MANC-1,CAR-05,10,1842.63,902.52,0.0,18426.3,18426.3,9025.2,32.15,9368.95,5,6,0
ORD-00000953,2024-07-27,CUST-003518,PROD-0086,WH-APAC-SYD-1,CAR-02,10,1369.55,680.39,0.05,13695.5,13010.72,6803.9,23.95,6182.88,6,6,0
ORD-00000954,2025-03-10,CUST-016195,PROD-1886,WH-EU-WEST-1,CAR-01,8,452.32,215.08,0.0,3618.56,3618.56,1720.64,15.58,1882.34,5,5,0
ORD-00000955,2023-06-25,CUST-022509,PROD-0241,WH-US-WEST-2,CAR-02,8,864.73,531.12,0.1,6917.84,6226.06,4248.96,16.14,1960.96,5,5,0
ORD-00000956,2025-04-01,CUST-007502,PROD-1957,WH-US-EAST-2,CAR-06,7,533.22,291.83,0.05,3732.54,3545.91,2042.81,6.05,1497.05,5,6,0
ORD-00000957,2024-11-22,CUST-008676,PROD-1838,WH-UK-LOND-1,CAR-08,5,828.37,675.29,0.0,4141.85,4141.85,3376.45,39.86,725.54,2,2,0
ORD-00000958,2025-07-08,CUST-011050,PROD-1289,WH-UK-MANC-1,CAR-05,3,1258.15,865.86,0.1,3774.45,3397.0,2597.58,5.22,794.21,4,4,0
ORD-00000959,2024-11-27,CUST-004924,PROD-0915,WH-US-WEST-1,CAR-01,4,860.24,471.41,0.05,3440.96,3268.91,1885.64,41.18,1342.09,1,1,0
ORD-00000960,2023-08-19,CUST-016312,PROD-1675,WH-UK-LOND-1,CAR-06,6,67.46,55.18,0.0,404.76,404.76,331.08,14.31,59.37,3,4,0
ORD-00000961,2025-11-23,CUST-024807,PROD-0047,WH-APAC-MELB-1,CAR-02,8,433.47,209.02,0.0,3467.76,3467.76,1672.16,47.36,1748.24,3,4,0
ORD-00000962,2024-12-23,CUST-000087,PROD-1920,WH-US-EAST-1,CAR-06,9,438.68,301.55,0.05,3948.12,3750.71,2713.95,39.82,996.94,3,3,0
ORD-00000963,2025-12-17,CUST-020869,PROD-1063,WH-US-WEST-2,CAR-07,5,534.78,321.99,0.0,2673.9,2673.9,1609.95,4.87,1059.08,7,8,0
ORD-00000964,2025-08-16,CUST-001644,PROD-0253,WH-US-EAST-1,CAR-01,4,653.77,381.93,0.0,2615.08,2615.08,1527.72,40.19,1047.17,6,7,0
ORD-00000965,2024-08-08,CUST-008911,PROD-1000,WH-US-CENT-1,CAR-05,5,405.41,226.99,0.1,2027.05,1824.35,1134.95,42.77,646.63,3,3,0
ORD-00000966,2023-09-24,CUST-021217,PROD-0398,WH-US-WEST-1,CAR-06,2,351.32,179.84,0.15,702.64,597.24,359.68,25.35,212.21,2,2,0
ORD-00000967,2023-03-29,CUST-002230,PROD-0586,WH-APAC-SYD-1,CAR-06,11,1146.96,614.77,0.0,12616.56,12616.56,6762.47,14.93,5839.16,7,8,0
ORD-00000968,2025-01-21,CUST-002470,PROD-1101,WH-CA-EAST-1,CAR-06,1,868.95,590.28,0.0,868.95,868.95,590.28,29.13,249.54,1,0,1
ORD-00000969,2023-07-31,CUST-014995,PROD-0368,WH-APAC-SYD-1,CAR-06,9,852.34,621.87,0.0,7671.06,7671.06,5596.83,44.29,2029.94,2,2,0
ORD-00000970,2024-06-11,CUST-006597,PROD-1180,WH-UK-MANC-1,CAR-04,10,1743.52,902.27,0.0,17435.2,17435.2,9022.7,11.94,8400.56,6,6,0
ORD-00000971,2025-07-17,CUST-002249,PROD-1189,WH-APAC-SYD-1,CAR-02,2,1205.52,878.46,0.1,2411.04,2169.94,1756.92,38.69,374.33,5,5,0
ORD-00000972,2025-11-22,CUST-016967,PROD-1508,WH-US-EAST-1,CAR-03,10,639.76,433.69,0.05,6397.6,6077.72,4336.9,38.77,1702.05,7,8,0
ORD-00000973,2025-10-09,CUST-004120,PROD-1050,WH-US-WEST-1,CAR-08,7,122.79,56.74,0.0,859.53,859.53,397.18,19.61,442.74,5,5,0
ORD-00000974,2023-06-06,CUST-000873,PROD-0755,WH-US-WEST-1,CAR-04,7,1218.77,933.09,0.0,8531.39,8531.39,6531.63,9.9,1989.86,4,4,0
ORD-00000975,2025-04-17,CUST-002384,PROD-0250,WH-US-CENT-1,CAR-08,3,246.14,165.75,0.0,738.42,738.42,497.25,47.41,193.76,1,2,0
ORD-00000976,2024-05-05,CUST-024549,PROD-1298,WH-US-WEST-2,CAR-03,5,189.77,104.6,0.0,948.85,948.85,523.0,30.63,395.22,4,4,0
ORD-00000977,2023-11-01,CUST-003722,PROD-0669,WH-CA-EAST-1,CAR-08,2,13.46,9.35,0.0,26.92,26.92,18.7,30.79,-22.57,5,5,0
ORD-00000978,2023-10-18,CUST-023701,PROD-1517,WH-UK-MANC-1,CAR-08,7,464.5,228.95,0.0,3251.5,3251.5,1602.65,27.41,1621.44,3,3,0
ORD-00000979,2024-02-27,CUST-014223,PROD-0484,WH-APAC-SYD-1,CAR-01,6,896.84,431.02,0.05,5381.04,5111.99,2586.12,14.18,2511.69,6,6,0
ORD-00000980,2023-08-15,CUST-013888,PROD-1302,WH-EU-CENT-1,CAR-05,4,949.48,745.63,0.1,3797.92,3418.13,2982.52,34.71,400.9,7,7,0
ORD-00000981,2024-10-19,CUST-012429,PROD-1493,WH-APAC-SYD-1,CAR-06,6,1034.71,714.88,0.15,6208.26,5277.02,4289.28,20.9,966.84,2,1,1
ORD-00000982,2023-08-27,CUST-014324,PROD-1169,WH-APAC-SYD-1,CAR-06,5,416.35,256.64,0.0,2081.75,2081.75,1283.2,16.55,782.0,4,4,0
ORD-00000983,2023-10-14,CUST-006898,PROD-0522,WH-US-EAST-1,CAR-04,3,918.45,576.97,0.1,2755.35,2479.82,1730.91,42.87,706.04,1,0,1
ORD-00000984,2023-06-22,CUST-011511,PROD-0612,WH-APAC-SING-1,CAR-05,10,543.88,316.7,0.0,5438.8,5438.8,3167.0,36.56,2235.24,4,4,0
ORD-00000985,2025-07-26,CUST-001095,PROD-1464,WH-US-EAST-2,CAR-01,4,324.0,221.0,0.0,1296.0,1296.0,884.0,8.1,403.9,6,6,0
ORD-00000986,2025-12-01,CUST-020392,PROD-0797,WH-UK-LOND-1,CAR-06,10,825.13,634.03,0.2,8251.3,6601.04,6340.3,24.76,235.98,5,6,0
ORD-00000987,2025-06-08,CUST-004488,PROD-0158,WH-EU-CENT-1,CAR-06,1,157.71,83.1,0.1,157.71,141.94,83.1,5.06,53.78,2,2,0
ORD-00000988,2023-11-01,CUST-014315,PROD-0348,WH-UK-MANC-1,CAR-06,9,1175.53,741.29,0.0,10579.77,10579.77,6671.61,45.14,3863.02,4,4,0
ORD-00000989,2024-12-04,CUST-018680,PROD-1439,WH-UK-MANC-1,CAR-06,5,1172.31,685.33,0.0,5861.55,5861.55,3426.65,7.0,2427.9,3,3,0
ORD-00000990,2025-01-09,CUST-009321,PROD-0303,WH-US-WEST-1,CAR-04,9,525.93,240.98,0.1,4733.37,4260.03,2168.82,30.28,2060.93,1,1,0
ORD-00000991,2023-10-24,CUST-015270,PROD-1332,WH-UK-MANC-1,CAR-01,4,801.31,587.2,0.0,3205.24,3205.24,2348.8,17.83,838.61,3,2,1
ORD-00000992,2024-09-02,CUST-021556,PROD-0281,WH-US-CENT-1,CAR-06,10,772.64,375.27,0.0,7726.4,7726.4,3752.7,29.12,3944.58,3,3,0
ORD-00000993,2023-04-18,CUST-018690,PROD-0185,WH-EU-CENT-1,CAR-02,10,1365.44,874.02,0.1,13654.4,12288.96,8740.2,31.36,3517.4,2,3,0
ORD-00000994,2023-01-22,CUST-021989,PROD-0155,WH-US-CENT-1,CAR-08,2,684.62,367.71,0.05,1369.24,1300.78,735.42,25.18,540.18,1,1,0
ORD-00000995,2023-11-17,CUST-024982,PROD-0063,WH-UK-MANC-1,CAR-07,6,568.25,285.83,0.05,3409.5,3239.02,1714.98,27.51,1496.54,4,5,0
ORD-00000996,2025-04-27,CUST-001655,PROD-1553,WH-APAC-MELB-1,CAR-01,4,1440.06,748.83,0.15,5760.24,4896.2,2995.32,45.93,1854.95,3,3,0
ORD-00000997,2023-05-13,CUST-021366,PROD-1362,WH-APAC-MELB-1,CAR-08,2,507.61,310.91,0.15,1015.22,862.94,621.82,45.77,195.35,7,7,0
ORD-00000998,2023-11-17,CUST-011268,PROD-0662,WH-APAC-OSAK-1,CAR-02,5,539.33,334.49,0.2,2696.65,2157.32,1672.45,5.38,479.49,2,2,0
ORD-00000999,2023-02-21,CUST-022895,PROD-0556,WH-UK-LOND-1,CAR-02,10,1539.36,731.66,0.0,15393.6,15393.6,7316.6,32.69,8044.31,1,1,0
ORD-00001000,2024-02-10,CUST-012627,PROD-1107,WH-US-EAST-2,CAR-03,2,414.52,229.81,0.05,829.04,787.59,459.62,12.99,314.98,3,4,0
